date,tcn,tcr,ipc,ipc_nvolatil,tpm,ror2,ror10,ror5,ror2uf,ror10uf,ror5uf,m1,m2,m3,ipsa,col,colcons,colviv,colcom,imacec,imacecdes,exp,imp,impk,reserv,lf,empl,unem,ind,indmin,indmanu,indega,genera,ivcm,cobre,oil,spread,tbill10,rem_index
1/1/1980,,,2.1,,,,,,,,,61,,,,,,,,,,,,,,,,,,,,,,,1.2,,,,20.73860641
1/2/1980,,,1.8,,,,,,,,,61,,,,,,,,,,,,,,,,,,,,,,,1.3,,,,20.92718817
1/3/1980,,,2.9,,,,,,,,,64,,,,,,,,,,,,,,,,,,,,,,,1,,,,21.32590391
1/4/1980,,,2.5,,,,,,,,,70,,,,,,,,,,,,,,,,,,,,,,,0.9,,,,21.44444102
1/5/1980,,,2.3,,,,,,,,,73,,,,,,,,,,,,,,,,,,,,,,,0.9,,,,21.61147059
1/6/1980,,,1.9,,,,,,,,,74,,,,,,,,,,,,,,,,,,,,,,,0.9,,,,22.05329073
1/7/1980,,,2,,,,,,,,,74,,,,,,,,,,,,,,,,,,,,,,,1,,,,22.47355867
1/8/1980,,,2.2,,,,,,,,,76,,,,,,,,,,,,,,,,,,,,,,,0.9,,,,22.72679704
1/9/1980,,,2.1,,,,,,,,,81,,,,,,,,,,,,,,,,,,,,,,,0.9,,,,23.8636757
1/10/1980,,,2.9,,,,,,,,,78,,,,,,,,,,,,,,,,,,,,,,,0.9,,,,24.26777949
1/11/1980,,,2.6,,,,,,,,,84,,,,,,,,,,,,,,,,,,,,,,,0.9,,,,24.55873422
1/12/1980,,,1.9,,,,,,,,,95,,,,,,,,,,,,,,,,,,,,,,,0.9,,,,24.75809209
1/1/1981,,,1.6,,,,,,,,,98,,,,,,,,,,,,,,,,,,,,,,,0.8,,,,25.08676317
1/2/1981,,,0.3,,,,,,,,,97,,,,,,,,,,,,,,,,,,,,,,,0.8,,,,24.96822605
1/3/1981,,,0.8,,,,,,,,,98,,,,,,,,,,,,,,,,,,,,,,,0.8,,,,25.42621035
1/4/1981,,,1.2,,,,,,,,,103,,,,,,,,,,,,,,,,,,,,,,,0.8,,,,25.60401601
1/5/1981,,,1.3,,,,,,,,,106,,,,,,,,,,,,,,,,,,,,,,,0.8,,,,25.78720973
1/6/1981,,,0.1,,,,,,,,,100,,,,,,,,,,,,,,,,,,,,,,,0.8,,,,26.19131352
1/7/1981,,,0.6,,,,,,,,,98,,,,,,,,,,,,,,,,,,,,,,,0.8,,,,26.26674623
1/8/1981,,,1.2,,,,,,,,,97,,,,,,,,,,,,,,,,,,,,,,,0.8,,,,26.43916384
1/9/1981,,,0.9,,,,,,,,,97,,,,,,,,,,,,,,,,,,,,,,,0.8,,,,27.34974438
1/10/1981,,,0.3,,,,,,,,,97,,,,,,,,,,,,,,,,,,,,,,,0.8,,,,27.5437142
1/11/1981,,,0.2,,,,,,,,,99,,,,,,,,,,,,,,,,,,,,,,,0.7,,,,27.77001232
1/12/1981,,,0.5,,,,,,,,,105,,,,,,,,,,,,,,,,,,,,,,,0.8,,,,28.11484755
1/1/1982,,,0.7,,,,,,,,,101,,,,,,,,,,,,,"3,797",,,,,,,,,,0.7,,,,28.37347398
1/2/1982,,,-0.8,,,,,,,,,99,,,,,,,,,,,,,"3,786",,,,,,,,,,0.7,,,,28.50278719
1/3/1982,,,0.4,,,,,,,,,99,,,,,,,,,,,,,"3,800",,,,,,,,,,0.7,,,,28.94460733
1/4/1982,,,-0.1,,,,,,,,,99,,,,,,,,,,,,,"3,680",,,,,,,,,,0.7,,,,29.06853249
1/5/1982,,,-0.5,,,,,,,,,96,,,,,,,,,,,,,"3,575",,,,,,,,,,0.7,,,,29.2086218
1/6/1982,,,0.7,,,,,,,,,97,,,,,,,,,,,,,"3,485",,,,,,,,,,0.6,,,,29.6450539
1/7/1982,,,2,,,,,,,,,88,,,,,,,,,,,,,"3,348",,,,,,,,,,0.7,,,,29.69354635
1/8/1982,57.8,,3.2,,,,,,,,,92,,,,,,,,,,,,,"3,208",,,,,,,,,,0.7,,,,30.04915768
1/9/1982,63.04,,4.3,,,,,,,,,94,,,,,,,,,,,,,"2,759",,,,,,,,,,0.6,,,,31.10521558
1/10/1982,66.27,,4.8,,,,,,,,,89,,,,,,,,,,,,,"2,692",,,,,,,,,,0.7,,,,31.19681244
1/11/1982,69.19,,3.3,,,,,,,,,85,,,,,,,,,,,,,"2,492",,,,,,,,,,0.7,,,,31.37461811
1/12/1982,72.39,,1.2,,,,,,,,,98,,,,,,,,,,,,,"2,735",,,,,,,,,,0.7,,,,31.52009547
1/1/1983,74.04,,1.8,,,,,,,,,111,,,,,,,,,,,,,"2,496",,,,,,,,,,0.7,,,,31.789498
1/2/1983,76.38,,0.1,,,,,,,,,114,,,,,,,,,,,,,"2,334",,,,,,,,,,0.7,,,,32.01040807
1/3/1983,74.48,,1.9,,,,,,,,,115,,,,,,,,,,,,,"2,124",,,,,,,,,,0.7,,,,32.3875716
1/4/1983,73.69,,3,,,,,,,,,112,,,,,,,,,,,,,"2,149",,,,,,,,,,0.8,,,,32.54921312
1/5/1983,75.1,,1.4,,,,,,,,,106,,,,,,,,,,,,,"1,999",,,,,,,,,,0.8,30.1,,,32.79706344
1/6/1983,77.03,,1.6,,,,,,,,,107,,,,,,,,,,,,,"2,070",,,,,,,,,,0.8,31,,,32.98564521
1/7/1983,78.25,,1.9,,,,,,,,,105,,,,,,,,,,,,,"2,217",,,,,,,,,,0.8,31.6,,,33.05030182
1/8/1983,79.55,,2.7,,,,,,,,,105,,,,,,,,,,,,,"2,401",,,,,,,,,,0.7,31.9,,,33.30354019
1/9/1983,81.24,,2.3,,,,,,,,,110,,,,,,,,,,,,,"2,469",,,,,,,,,,0.7,31.2,,,34.05786726
1/10/1983,83.34,,2.4,,,,,,,,,108,,,,,,,,,,,,,"2,588",,,,,,,,,,0.7,30.4,,,34.30032953
1/11/1983,85.29,,1.3,,,,,,,,,108,,,,,,,,,,,,,"2,747",,,,,,,,,,0.6,30,,,34.50507545
1/12/1983,87.07,,0.6,,,,,,,,,118,,,,,,,,,,,,,"2,818",,,,,,,,,,0.6,29.2,,,34.67210502
1/1/1984,87.82,,0.1,,,,,,,,,120,,,,,,,,,,,,,"2,693",,,,,,,,,,0.6,29.7,,,34.76908993
1/2/1984,88.12,,-0.2,,,,,,,,,124,,,,,,,,,,,,,"2,756",,,,,,,,,,0.6,30.1,,,34.87146289
1/3/1984,88.2,,2.5,,,,,,,,,132,,,,,,,,,,,,,"2,836",,,,,,,,,,0.7,30.8,,,35.0331044
1/4/1984,88.55,,1.5,,,,,,,,,137,,,,,,,,,,,,,"2,889",,,,,,,,,,0.7,30.6,,,35.26479058
1/5/1984,90.19,,1.2,,,,,,,,,136,,,,,,,,,,,,,"2,792",,,,,,,,,,0.6,30.6,,,35.41565599
1/6/1984,91.13,,1.3,,,,,,,,,134,,,,,,,,,,,,,"3,005",,,,,,,,,,0.6,30,,,35.65811826
1/7/1984,91.89,,0.9,,,,,,,,,131,,,,,,,,,,,,,"2,929",,,,,,,,,,0.6,28.6,,,35.72277487
1/8/1984,92.69,,0.3,,,,,,,,,128,,,,,,,,,,,,,"3,022",,,,,,,,,,0.6,29.3,,,35.95984909
1/9/1984,100.94,,2.9,,,,,,,,,136,,,,,,,,,,,,,"2,861",,,,,,,,,,0.6,29.4,,,36.58486295
1/10/1984,116.39,,8.2,,,,,,,,,130,,,,,,,,,,,,,"2,872",,,,,,,,,,0.6,28.8,,,37.01051894
1/11/1984,119.58,,1.2,,,,,,,,,119,,,,,,,,,,,,,"2,882",,,,,,,,,,0.6,28.1,,,37.16677241
1/12/1984,126.23,,1.4,,,,,,,,,130,,,,,,,,,,,,,"3,082",,,,,,,,,,0.6,26.9,,,37.35535417
1/1/1985,128.98,,3.1,,,,,,,,,148,,,,,,,,,,,,,"2,719",,,,,,,,,,0.6,25.7,,,37.57087619
1/2/1985,131.84,,2,,,,,,,,,150,,,,,,,,,,,,,"2,608",,,,,,,,,,0.6,27.3,,,37.73251771
1/3/1985,145.69,,2.8,,,,,,,,,156,,,,,,,,,,,,,"2,647",,,,,,,,,,0.6,28.4,,,37.99114413
1/4/1985,148.76,,2.3,,,,,,,,,159,,,,,,,,,,,,,"2,551",,,,,,,,,,0.7,28.8,,,38.1258454
1/5/1985,152.15,,2,,,,,,,,,158,,,,,,,,,,,,,"2,397",,,,,,,,,,0.7,27.6,,,38.2120542
1/6/1985,155.06,,3.7,,,,,,,,,162,,,,,,,,,,,,,"2,369",,,,,,,,,,0.7,27.2,,,38.43296427
1/7/1985,170.81,,1.3,,,,,,,,,160,,,,,,,,,,,,,"2,327",,,,,,,,,,0.7,27.3,,,38.52994918
1/8/1985,176.49,,0.9,,,,,,,,,160,,,,,,,,,,,,,"2,418",,,,,,,,,,0.6,27.8,,,38.6484863
1/9/1985,178.19,,1.2,,,,,,,,,176,,,,,,,,,,,,,"2,316",,,,,,,,,,0.6,28.3,,,39.40281337
1/10/1985,179.19,,1.5,,,,,,,,,168,,,,,,,,,,,,,"2,362",,,,,,,,,,0.6,29.6,,,39.56445488
1/11/1985,180.68,,1.6,,,,,,,,,171,,,,,,,,,,,,,"2,495",,,,,,,,,,0.6,30.8,,,39.62372344
1/12/1985,182.48,,1.3,,,,,,,,,190,,,,,,,,,,,,,"3,206",,,,,,,,,,0.6,27.2,,,39.70454419
1/1/1986,184.8,98.65,2.7,,,,,,,,,199,754,"1,232",,"14,676",364,"1,395","11,459",,,,,,"2,775",,,,,,,,,,0.6,22.9,,,39.88773791
1/2/1986,186.74,100.68,0.9,,,,,,,,,205,778,"1,266",,"14,755",368,"1,410","11,524",,,,,,"2,738",,,,,,,,,,0.6,15.4,,,39.98472282
1/3/1986,189.22,100.38,1.5,,,,,,,,,214,793,"1,310",,"14,594",369,"1,413","11,356",,,,,,"2,957",,,,,,,,,,0.7,12.5,,,40.30800585
1/4/1986,189.19,98.56,1.4,,,,,,,,,220,820,"1,366",,"14,718",367,"1,418","11,426",,,,,,"3,100",,,,,,,,,,0.7,12.9,,,40.36727441
1/5/1986,187.93,98.42,0.7,,,,,,,,,216,807,"1,352",,"14,356",362,"1,440","11,032",,,,,,"3,080",,,,,,,,,,0.6,15.4,,,40.36188636
1/6/1986,188.79,97.51,1.3,,,,,,,,,231,837,"1,392",,"14,120",370,"1,427","10,784",,,,,,"3,027",,,,,,,,,,0.6,13.6,,,40.56663228
1/7/1986,190.36,98.86,1,,,,,,,,,227,859,"1,413",,"14,177",361,"1,433","10,737",,,,,,"2,986",,,,,,,,,,0.6,11.6,,,40.56663228
1/8/1986,194.46,101.82,0.6,,,,,,,,,231,877,"1,444",,"14,334",365,"1,456","10,791",,,,,,"3,076",,,,,,,,,,0.6,15.1,,,40.61512473
1/9/1986,198.32,102.37,1.5,,,,,,,,,248,891,"1,477",,"14,342",364,"1,461","10,722",,,,,,"2,836",,,,,,,,,,0.6,15,,,41.26707884
1/10/1986,199.73,101.58,1.5,,,,,,,,,241,906,"1,507",,"14,379",365,"1,465","10,718",,,,,,"2,953",,,,,,,,,,0.6,14.9,,,41.40716816
1/11/1986,201.95,100.66,1.4,,,,,,,,,249,938,"1,567",,"14,502",386,"1,473","10,761",,,,,,"3,228",,,,,,,,,,0.6,15.2,,,41.57419772
1/12/1986,203.67,100.82,1.5,,,,,,,,,276,967,"1,614",,"14,534",391,"1,510","10,757",,,,,,"3,314",,,,,,,,,,0.6,16.1,,,41.82743609
1/1/1987,204.54,102.44,2,,,,,,,,,285,990,"1,663",,"14,437",412,"1,504","10,610",,,,,,"3,088",,,,,,,,,,0.6,18.7,,,41.97291346
1/2/1987,206.01,101.63,1.7,,,,,,,,,283,"1,018","1,708",,"14,433",415,"1,505","10,561",,,,,,"3,154",,,,,,,,,,0.6,17.8,,,42.02679396
1/3/1987,207.82,101.27,1.6,,,,,,,,,287,"1,069","1,769",,"14,457",420,"1,507","10,613",,,,,,"3,095",,,,,,,,,,0.7,18.4,,,42.22615183
1/4/1987,211.49,103.08,2.4,,,,,,,,,295,"1,097","1,809",,"14,439",419,"1,502","10,591",,,,,,"3,129",,,,,,,,,,0.7,18.7,,,42.39856945
1/5/1987,212.54,103.29,1.5,,,,,,,,,287,"1,102","1,846",,"14,515",416,"1,513","10,575",,,,,,"3,072",,,,,,,,,,0.7,19.4,,,42.60870342
1/6/1987,218.18,104.64,0.7,,,,,,,,,297,"1,155","1,923",,"14,644",419,"1,522","10,635",,,,,,"3,325",,,,,,,,,,0.7,20.1,,,42.79728519
1/7/1987,224.13,104.9,1.7,,,,,,,,,300,"1,179","1,966",,"14,571",422,"1,509","10,560",,,,,,"3,192",,,,,,,,,,0.8,21.3,,,42.9481506
1/8/1987,224.58,104.16,1.4,,,,,,,,,288,"1,172","1,998",,"14,599",427,"1,512","10,511",,,,,,"3,311",,,,,,,,,,0.8,20.3,,,43.07746381
1/9/1987,225.15,104.24,1.9,,,,,,,,,299,"1,206","2,051",,"14,518",430,"1,510","10,435",,,,,,"3,095",,,,,,,,,,0.8,19.6,,,43.4384632
1/10/1987,229.27,106.41,2.4,,,,,,,,,293,"1,238","2,085",,"14,453",438,"1,529","10,287",,,,,,"3,137",,,,,,,,,,0.9,19.9,,,43.70786572
1/11/1987,233.83,107.19,1.9,,,,,,,,,295,"1,290","2,166",,"14,548",457,"1,539","10,297",,,,,,"3,430",,,,,,,,,,1.1,19,,,43.83179088
1/12/1987,235.34,108.81,0.3,,,,,,,,,331,"1,362","2,268",,"14,937",471,"1,577","10,609",,,,,,"3,613",,,,,,,,,,1.3,17.3,,,44.0473129
1/1/1988,243.73,112.15,0.7,,,,,,,,,350,"1,406","2,341",,"15,238",492,"1,582","10,896",,,,,,"3,319",,,,,,,,,,1.2,17.1,,,44.16585002
1/2/1988,240,109.76,0.4,,,,,,,,,363,"1,418","2,362",,"15,243",498,"1,595","10,882",,,,,,"3,571",,,,,,,,,,1.1,16.7,,,44.28977518
1/3/1988,243.33,110.92,1.9,,,,,,,,,377,"1,451","2,453",,"14,953",506,"1,579","10,666",,,,,,"3,549",,,,,,,,,,1.1,16.2,,,44.57534185
1/4/1988,241.88,111.37,0.8,,,,,,,,,379,"1,471","2,499",,"15,219",512,"1,607","10,813",,,,,,"3,731",,,,,,,,,,1,17.9,,,44.73698337
1/5/1988,245.15,113,0.5,,,,,,,,,383,"1,487","2,551",,"15,359",511,"1,615","10,937",,,,,,"3,413",,,,,,,,,,1.1,17.4,,,44.84474438
1/6/1988,248.31,114.97,0.6,,,,,,,,,395,"1,508","2,603",,"15,491",514,"1,612","10,940",,,,,,"3,587",,,,,,,,,,1.2,16.5,,,44.98483369
1/7/1988,248.32,112.75,0.1,,,,,,,,,404,"1,537","2,661",,"15,898",529,"1,614","11,228",,,,,,"3,814",,,,,,,,,,1,15.5,,,44.97944564
1/8/1988,245.59,110.99,0.8,,,,,,,,,418,"1,573","2,721",,"15,962",544,"1,606","11,193",,,,,,"3,846",,,,,,,,,,1,15.5,,,45.09798275
1/9/1988,245.67,109.24,0.9,,,,,,,,,440,"1,639","2,779",,"16,307",566,"1,624","11,391",,,,,,"3,537",,,,,,,,,,1.1,14.6,,,45.72838466
1/10/1988,247.09,110.6,1.5,,,,,,,,,438,"1,689","2,816",,"16,322",582,"1,632","11,375",,,,,,"3,692",,,,,,,,,,1.3,13.8,,,45.97623499
1/11/1988,246.44,110.36,1.9,,,,,,,,,428,"1,686","2,853",,"16,350",626,"1,639","11,251",,,,,,"3,597",,,,,,,,,,1.5,14.1,,,46.1055482
1/12/1988,244.63,107.96,1.9,,,,,,,,,477,"1,764","3,007",,"16,658",636,"1,635","11,449",,,,,,"4,261",,,,,,,,,,1.6,16.4,,,46.29412997
1/1/1989,247.11,107.69,1.1,,,,,,,,,477,"1,824","3,120",54.4,"16,784",671,"1,668","11,522",,,,,,"4,148",,,,,,,,,,1.5,18,,,46.31029412
1/2/1989,245.84,107.15,0.1,,,,,,,,,481,"1,851","3,201",60.6,"17,063",683,"1,706","11,705",,,,,,"4,299",,,,,,,,,,1.4,18,,,46.40727903
1/3/1989,249.64,107.89,1.9,,,,,,,,,509,"1,891","3,323",63.6,"17,009",689,"1,703","11,559",,,,,,"4,348",,,,,,,,,,1.5,19.5,,,46.55275639
1/4/1989,251.36,104.49,1,,,,,,,,,495,"1,898","3,355",68.4,"17,165",695,"1,715","11,634",,,,,,"4,337",,,,,,,,,,1.4,21.2,,,46.59586079
1/5/1989,252.44,102.06,2,1.4,,,,,,,,506,"1,909","3,441",70.7,"16,766",665,"1,670","11,267",,,,,,"4,232",,,,,,,,,,1.2,20.4,,,46.67668155
1/6/1989,261.66,105.79,1.8,2,,,,,,,,498,"1,966","3,614",65,"16,856",654,"1,680","11,282",,,,,,"4,153",,,,,,,,,,1.2,20.2,,,46.87603942
1/7/1989,272.81,110.9,1.8,1.7,,,,,,,,490,"2,001","3,700",63.8,"16,988",656,"1,702","11,464",,,,,,"4,298",,,,,,,,,,1.1,19.7,,,46.94069603
1/8/1989,276.65,111.08,1,1,,,,,,,,492,"2,047","3,778",58.9,"17,814",691,"2,007","11,916",,,,,,"4,346",,,,,,,,,,1.3,18.6,,,47.05384509
1/9/1989,280.15,110.63,2.1,1.7,,,,,,,,530,"2,107","3,906",62.5,"17,787",698,"2,002","12,022",,,,,,"3,914",,,,,,,,,,1.3,19.6,,,47.57648599
1/10/1989,282.78,110.76,2.9,1.9,,,,,,,,503,"2,110","3,969",69.5,"17,893",704,"2,057","12,016",,,,,,"4,215",,,,,,,,,,1.3,20.1,,,47.80817216
1/11/1989,288.42,112.26,1.7,1.3,,,,,,,,512,"2,176","4,129",69.5,"18,257",737,"2,176","12,227",,,,,,"4,630",,,,,,,,,,1.2,19.9,,,47.96981367
1/12/1989,294.59,111.95,2.1,1.8,,,,,,,,587,"2,314","4,390",79.1,"18,323",733,"2,171","12,351",,,,,,"4,762",,,,,,,,,,1.1,21.1,,,48.14223129
1/1/1990,296.76,115.9,2.5,1.8,,,,,,,,577,"2,357","4,471",82.6,"18,296",753,"2,358","12,149",,,,,,"4,400",,,,,30.7,,,,,1.1,23,,8.2,48.12067909
1/2/1990,292.46,113.88,0.3,0.9,,,,,,,,555,"2,374","4,625",94.4,"18,567",763,"2,416","12,272",,,,,,"4,673",,,,,26.4,,,,,1.1,22.1,,8.5,48.11529104
1/3/1990,296.66,115.69,2.4,3.4,,,,,,,,575,"2,417","4,813",95.6,"18,289",760,"2,399","11,997",,,,,,"4,813",,,,,30.5,,,,,1.2,20.4,,8.6,48.2284401
1/4/1990,296.41,111.77,1.8,2,,,,,,,,592,"2,472","4,879",94.9,"18,100",748,"2,400","11,800",,,,,,"4,985",,,,,29.3,,,,,1.2,18.4,,8.8,48.35775331
1/5/1990,296.97,112.14,1.5,1.7,,,,,,,,583,"2,514","4,981",94.8,"17,990",738,"2,414","11,642",,,,,,"4,931",,,,,31.2,,,,,1.2,18.3,,8.7,48.48167847
1/6/1990,296.79,109.47,2.2,2,,,,,,,,576,"2,570","5,140",92.7,"17,635",716,"2,405","11,303",,,,,,"5,251",,,,,30.3,,,,,1.2,16.7,,8.5,48.59482753
1/7/1990,296.67,108.83,1.7,1.3,,,,,,,,569,"2,622","5,299",93.5,"17,398",709,"2,419","11,010",,,,,,"5,746",,,,,30.7,,,,,1.3,18.4,,8.5,48.65948414
1/8/1990,303.44,111.78,2,1.2,,,,,,,,563,"2,638","5,437",93.5,"17,334",709,"2,415","10,960",,,,,,"6,078",,,,,32.7,,,,,1.3,27.2,,8.7,48.78879735
1/9/1990,308.35,111.4,4.9,2.3,,,,,,,,608,"2,688","5,588",92.6,"16,714",681,"2,357","10,571",,,,,,"5,677",,,,,29.3,,,,,1.4,33.8,,8.9,49.17134894
1/10/1990,312.49,111.25,3.8,2,,,,,,,,564,"2,778","5,779",96,"16,578",664,"2,356","10,219",,,,,,"6,539",,,,,32.7,,,,,1.2,36.1,,8.7,49.37609486
1/11/1990,326.86,115.19,0.9,1.6,,,,,,,,574,"2,888","6,019",115.9,"17,072",679,"2,456","10,437",,,,,,"7,077",,,,,32.2,,,,,1.2,32.4,,8.4,49.44613951
1/12/1990,334.98,115.15,0.5,1.7,,,,,,,,692,"3,020","6,309",130.4,"17,399",683,"2,499","10,631",,,,,,"7,074",,,,,34.8,,,,,1.1,27.3,,8.1,49.51618417
1/1/1991,337.23,114.26,0.4,1.7,,,,,,,,770,"3,066","6,471",155.2,"17,414",721,"2,522","10,642",,,,,,"6,937",,,,,34.7,49.2,,,,1.1,25.2,,8.1,49.55390052
1/2/1991,337.53,115.28,0.1,1,,,,,,,,787,"3,135","6,631",186.5,"17,409",731,"2,548","10,597",,,,,,"7,222",,,,,31.3,42.3,,,,1.1,20.5,,7.8,49.53234832
1/3/1991,340.24,111.65,1.2,2.2,,,,,,,,850,"3,167","6,775",202.2,"17,323",748,"2,541","10,531",,,,,,"7,360",,,,,36.7,51.7,,,,1.1,19.9,,8.1,49.69398984
1/4/1991,340.28,107.8,1.8,1.8,,,,,,,,848,"3,230","6,860",207.5,"17,050",761,"2,525","10,374",,,,,,"7,296",,,,,33.7,52,,,,1.1,20.8,,8,49.76403449
1/5/1991,339.95,104.34,2.5,2.7,,,,,,,,823,"3,312","6,932",219,"16,957",761,"2,508","10,236",,,,,,"7,012",,,,,35.1,52.3,,,,1.1,21.2,,8.1,49.76942254
1/6/1991,344.89,102.54,1.8,1.7,,,,,,,,809,"3,429","7,172",260,"16,931",755,"2,526","10,252",,,,,,"6,972",,,,,33.7,50.8,,,,1,20.2,,8.3,50.00649677
1/7/1991,348.72,102.42,1.8,1.5,,,,,,,,791,"3,554","7,430",296.8,"16,966",770,"2,533","10,244",,,,,,"7,034",,,,,30.9,53.3,,,,1,21.5,,8.3,50.00649677
1/8/1991,350.89,102.93,1.2,1.3,,,,,,,,807,"3,646","7,663",333.8,"17,272",792,"2,577","10,324",,,,,,"7,145",,,,,30.8,52.9,,,,1,21.7,,7.9,50.09809362
1/9/1991,355.61,104.36,1.3,0.7,,,,,,,,874,"3,731","7,887",384.1,"17,426",804,"2,600","10,381",,,,,,"6,941",,,,,36.6,46.9,,,,1.1,21.9,,7.6,50.48603326
1/10/1991,359.06,102.18,2.9,1.7,,,,,,,,868,"3,786","8,106",362,"17,357",829,"2,581","10,200",,,,,,"7,189",,,,,38.1,55.1,,,,1.1,23.3,,7.5,50.82548044
1/11/1991,364.26,103.78,0.9,1.3,,,,,,,,863,"3,930","8,417",347.8,"17,783",869,"2,624","10,305",,,,,,"7,639",,,,,35.8,52.4,,,,1.1,22.5,,7.4,51.16492763
1/12/1991,371.93,104.97,1.2,1.5,,,,,,,,988,"4,181","8,721",347.2,"18,164",883,"2,600","10,635",,,,,,"8,159",,,,,37,51.9,,,,1,19.5,,7.1,51.53670311
1/1/1992,369.75,103.51,1.1,1.5,,,,,,,,"1,040","4,368","8,958",337.6,"18,364",957,"2,621","10,799",,,,,,"7,898",,,,,34.9,54.3,,,,1,18.8,,7,51.72528488
1/2/1992,347.86,97.66,-0.6,1,,,,,,,,"1,048","4,482","9,218",393.3,"18,625",993,"2,688","11,007",,,,,,"7,823",,,,,35.4,46.1,,,,1,19,,7.3,51.85998614
1/3/1992,348.34,95.99,0.7,1.8,,,,,,,,"1,334","4,650","9,359",431.2,"18,801","1,047","2,697","11,021",,,,,,"8,072",,,,,36.4,59.9,,,,1,18.9,,7.5,52.09706036
1/4/1992,346.3,94.13,1.3,1.1,,,,,,,,"1,302","4,666","9,457",434,"18,876","1,085","2,685","10,999",,,,,,"8,343",,,,,34.9,57.9,,,,1,20.2,,7.5,52.43111949
1/5/1992,346.56,94.2,1.1,1.6,,,,,,,,"1,188","4,631","9,526",437.7,"19,077","1,100","2,696","10,966",,,,,,"8,580",,,,,36.3,56.8,,,,1,21,,7.4,52.59276101
1/6/1992,355,97.27,0.7,0.9,,,,,,,,"1,182","4,765","9,866",457.2,"19,397","1,113","2,718","10,995",,,,,,"9,171",,,,,34.3,56.1,,,,1,22.4,,7.3,52.85677549
1/7/1992,361.25,99.33,1.1,0.7,,,,,,,,"1,152","4,840","10,130",467.9,"19,823","1,146","2,727","11,178",,,,,,"9,466",,,,,38.6,63.3,,,,1.1,21.8,,6.8,53.03458115
1/8/1992,368.86,100.89,1.4,1.3,,,,,,,,"1,159","4,923","10,265",438,"20,212","1,176","2,735","11,462",,,,,,"9,764",,,,,37.1,59.7,,,,1.1,21.3,,6.6,53.15850631
1/9/1992,376.04,100.8,2.3,1.4,,,,,,,,"1,184","5,072","10,372",401.8,"20,190","1,202","2,722","11,453",,,,,,"9,777",,,,,38.7,57.2,,,,1.1,21.9,,6.4,53.66498306
1/10/1992,373.1,97.35,1.4,1.2,,,,,,,,"1,132","5,234","10,596",439.8,"20,562","1,258","2,751","11,722",,,,,,"9,911",,,,,38.7,60.2,,,,1,21.7,,6.6,53.88050508
1/11/1992,377.63,94.9,1.4,1.2,,,,,,,,"1,140","5,349","10,856",408.6,"21,159","1,324","2,776","12,136",,,,,,"9,938",,,,,34.9,58.8,,,,1,20.3,,6.9,54.07986295
1/12/1992,380.22,95.3,0.1,0.9,,,,,,,,"1,282","5,501","11,174",420.8,"21,791","1,378","2,835","12,550",,,,,,"10,357",,,,,38.9,57.1,,,,1,19.4,,6.8,54.23072836
1/1/1993,383.93,95.6,0.2,1.3,,,,,,,,"1,405","5,699","11,544",469.9,"22,303","1,482","2,870","12,838",,,,,,"10,568",,,,,37.7,55.3,,,,1,19.1,,6.6,54.51090699
1/2/1993,387.91,96.16,0.4,1.3,,,,,,,,"1,423","5,737","11,615",460.5,"22,578","1,538","2,884","12,948",,,,,,"10,748",,,,,35.3,50.8,,,,1,20,,6.3,54.69948876
1/3/1993,397.22,98.63,0.6,1.8,,,,,,,,"1,425","5,792","11,693",450.6,"22,874","1,626","2,906","13,065",,,,,,"10,739",,,,,39.3,64.4,,,,1,20.3,,6,54.93117493
1/4/1993,401.19,100,1.4,1.7,,,,,,,,"1,434","5,903","11,947",425.5,"23,179","1,668","2,900","13,373",,,,,,"10,948",,,,,38.5,60.7,,,,0.9,20.3,,6,55.15747305
1/5/1993,404.98,100.08,1.5,1.4,,,,,,,,"1,403","5,963","12,050",431.9,"23,391","1,743","2,912","13,499",,,,,,"10,815",,,,,38.8,58.8,,,,0.8,19.9,,6,55.35683092
1/6/1993,403.3,98.83,0.5,0.7,,,,,,,,"1,386","6,136","12,343",474.5,"23,487","1,755","2,963","13,671",,,,,,"10,782",,,,,36.8,58.7,,,,0.8,19.1,,5.9,55.6423976
1/7/1993,404.79,97.31,1,0.8,,,,,,,,"1,361","6,218","12,625",482.3,"23,712","1,776","2,989","13,829",,,,,,"10,967",,,,,37.3,62.6,,,,0.9,17.9,,5.8,55.77709886
1/8/1993,407.66,96.38,2.1,1.6,,,,,,,,"1,351","6,290","12,797",512.1,"23,680","1,773","2,983","13,844",,,,,,"11,104",,,,,39.8,62.7,,,,0.9,18,,5.7,55.92257622
1/9/1993,408.19,96.36,1.2,0.8,,,,,,,,"1,358","6,424","13,033",534.2,"23,964","1,803","3,026","14,059",,,,,,"10,765",,,,,35,58.9,,,,0.8,17.5,,5.4,56.71461965
1/10/1993,412.59,94.38,2.6,1.3,,,,,,,,"1,370","6,607","13,379",560.2,"23,884","1,826","3,018","14,095",,,,,,"10,703",,,,,40.3,59.4,,,,0.8,18.2,,5.3,56.99479828
1/11/1993,412.5,93.36,0.1,0.9,,,,,,,,"1,363","6,686","13,628",596.9,"24,615","1,912","3,097","14,526",,,,,,"10,799",,,,,36.5,61,,,,0.7,16.7,,5.7,57.39890206
1/12/1993,425.73,95.65,0.2,1.6,,,,,,,,"1,568","6,902","14,086",710,"25,120","1,949","3,158","14,967",,,,,,"10,698",,,,,41.8,59.7,,,,0.8,14.5,,5.7,57.79222975
1/1/1994,430.45,95.68,1,1.1,,,,,,,,"1,655","6,915","14,240",838.5,"25,273","2,044","3,165","15,086",,,,,,"10,775",,,,,38.2,57.9,,,,0.8,15,,5.7,58.11551278
1/2/1994,428.69,96.01,0.3,1,,,,,,,,"1,626","7,102","14,503",827.3,"25,322","2,078","3,205","15,220",,,,,,"10,975",,,,,34.6,54.5,,,,0.9,14.8,,6,58.3094826
1/3/1994,430.45,96.39,1.1,1.8,,,,,,,,"1,629","7,215","14,649",728.8,"25,144","2,125","3,227","15,196",,,,,,"11,196",,,,,41.2,67.2,,,,0.9,14.7,,6.5,58.60043733
1/4/1994,424.47,94.45,0.5,1,,,,,,,,"1,597","7,217","14,633",799.9,"25,525","2,142","3,269","15,582",,,,,,"11,227",,,,,38.7,62.4,,,,0.9,16.4,,7,59.61877887
1/5/1994,424.7,93.47,1.4,1.1,,,,,,,,"1,601","7,269","14,708",872.8,"25,147","2,108","3,286","15,329",,,,,,"11,069",,,,,42.4,64.6,,,,1,17.9,,7.2,59.79658454
1/6/1994,420.68,92.94,0.5,0.7,,,,,,,,"1,609","7,403","14,946",838.6,"25,115","2,095","3,348","15,311",,,,,,"11,667",,,,,37.7,61.3,,,,1.1,19.1,,7.1,60.21146443
1/7/1994,420.49,94.88,0.6,0.5,,,,,,,,"1,597","7,546","15,254",843.1,"25,521","2,066","3,390","15,564",,,,,,"11,681",,,,,42,61.9,,,,1.1,19.7,,7.3,60.4215984
1/8/1994,419.43,94.57,1.1,0.5,,,,,,,,"1,599","7,614","15,510",941.5,"25,633","2,070","3,416","15,644",,,,,,"11,745",,,,,41.6,65.1,,,,1.1,18.4,,7.2,60.67483677
1/9/1994,414.87,94.01,0.5,0.3,,,,,,,,"1,628","7,763","15,768",989,"25,875","2,148","3,482","15,759",,,,,,"12,092",,,,,42,59.8,,,,1.1,17.5,,7.4,61.445328
1/10/1994,412.21,93.95,0.6,0.6,,,,,,,,"1,663","7,849","16,358","1,095.50","26,132","2,148","3,498","15,984",,,,,,"12,475",,,,,42,61.3,,,,1.2,17.7,,7.7,62.02723745
1/11/1994,413.45,94,0.6,0.6,,,,,,,,"1,722","7,922","16,500","1,069.10","26,636","2,262","3,551","16,201",,,,,,"13,468",,,,,41.9,62,,,,1.3,18.1,,7.9,62.39362488
1/12/1994,402.23,90.64,0.3,1.1,,,,,,,,"1,920","8,171","16,889","1,008.90","26,761","2,320","3,617","16,372",,,,,,"14,209",,,,,45.1,61.2,,,,1.4,17.2,,7.8,62.76540037
1/1/1995,405.78,91.99,0.6,0.7,,,,,,,,"1,985","8,319","17,077",960.8,"27,302","2,437","3,669","16,688",,,,,,"14,019",,,,,40.6,63,,,,1.4,18,,7.8,63.15334001
1/2/1995,412.14,93.77,0.5,0.6,,,,,,,,"1,992","8,452","17,358",926.7,"27,599","2,474","3,711","16,862",,,,,,"14,438",,,,,37.5,56.8,,,,1.3,18.6,,7.5,63.48201109
1/3/1995,410.46,94.41,0.6,0.8,,,,,,,,"1,989","8,703","17,637",908.6,"27,772","2,553","3,769","16,949",,,,,,"14,859",,,,,42.7,70.4,,,,1.3,18.6,,7.2,63.65981675
1/4/1995,394.33,91.93,0.6,0.7,,,,,,,,"1,983","8,801","17,782",972.3,"27,970","2,587","3,816","17,209",,,,,,"15,560",,,,,44.1,65.6,,,,1.3,19.9,,7,64.41953188
1/5/1995,377.17,87.16,0.6,0.6,6,,,,,,,"2,020","8,880","18,064","1,052.20","28,052","2,589","3,867","17,298",,,,,,"15,560",,,,,46.3,70.5,,,,1.3,19.7,,6.6,64.6997105
1/6/1995,373.59,85.95,0.7,0.5,6,,,,,,,"2,041","9,203","18,515","1,076.50","28,095","2,581","3,902","17,190",,,,,,"15,881",,,,,45.5,66.3,,,,1.4,18.4,,6.2,65.1684709
1/7/1995,378.07,86.19,0.8,0.4,5.77,,,,,,,"1,972","9,240","18,606","1,032.40","28,581","2,616","3,937","17,336",,,,,,"15,901",,,,,45.9,68.3,,,,1.4,17.3,,6.3,65.41632122
1/8/1995,387.27,85.49,1.6,0.9,5.7,,,,,,,"1,945","9,426","18,910",993.2,"29,092","2,664","3,949","17,610",,,,,,"15,617",,,,,48.5,68,,,,1.4,18,,6.5,65.68033569
1/9/1995,394.56,85.49,0.6,0.6,5.9,,,,,,,"2,026","9,659","19,284",969.9,"29,601","2,737","4,034","17,907",,,,,,"15,118",,,,,46.8,60.9,,,,1.3,18.2,,6.2,66.66634894
1/10/1995,406.62,87.73,0.8,0.5,6.38,,,,,,,"2,017","9,794","19,408","1,005.20","30,400","2,809","4,103","18,214",,,,,,"14,482",,,,,47.1,66.8,,,,1.3,17.4,,6,66.94113951
1/11/1995,412.31,88.84,0.1,0.4,6.5,,,,,,,"2,048","9,767","19,896",956.1,"31,259","2,949","4,206","18,819",,,,,,"14,584",,,,,47.1,64.6,,,,1.4,18,,5.9,67.11355713
1/12/1995,408.98,87.68,0.3,0.5,6.68,,,,,,,"2,292","10,138","20,289","1,021.00","31,647","2,991","4,293","19,392",,,,,,"15,224",,,,,50.1,63.2,,,,1.3,19,,5.7,67.32907915
1/1/1996,408.53,86.96,0.3,0.7,6.7,,,,,,,"2,383","10,497","20,575","1,015.00","32,229","3,171","4,374","19,678",46.5,47.1,,,,"13,899",,,,,48.9,66.9,,,,1.2,18.9,,5.6,67.55537727
1/2/1996,410.97,87.1,0.5,0.8,6.7,,,,,,,"2,337","10,719","20,911","1,015.10","32,368","3,247","4,441","19,724",45.9,47.8,,,,"13,898",,,,,51.3,61.7,,,,1.2,19.1,,5.8,67.75473514
1/3/1996,411.55,86.6,0.7,1.2,6.7,,,,,,,"2,320","10,809","21,226",973.5,"32,529","3,376","4,518","19,804",51,47.9,,,,"14,547",,,,,53.4,70.7,,,,1.2,21.3,,6.3,67.92176471
1/4/1996,408.42,84.91,1,0.7,7.31,,,,,,,"2,328","11,057","21,420","1,014.10","32,421","3,413","4,629","19,680",49,47.9,,,,"14,722",,,,,53.4,68.3,,,,1.2,23.6,,6.5,68.24504774
1/5/1996,406.23,83.82,0.8,1.2,7.5,,,,,,,"2,317","11,197","21,522",993.6,"32,620","3,419","4,705","19,706",49,47.9,,,,"14,721",,,,,55.3,68.5,,,,1.2,21.2,,6.7,68.51983831
1/6/1996,409.85,83.83,0.4,0.8,7.5,,,,,,,"2,347","11,426","22,055","1,039.80","32,960","3,418","4,792","20,007",47.5,48.4,,,,"15,103",,,,,54.5,64.1,,,,1,20.4,,6.9,68.88622575
1/7/1996,410.72,83.96,0.3,0.5,7.5,,,,,,,"2,272","11,622","22,592","1,015.60","33,285","3,470","4,869","20,218",46.8,48.4,,,,"15,604",,,,,56.5,69.4,,,,0.9,21.3,,6.9,69.03170311
1/8/1996,411.1,83.99,0.4,0.5,7.5,,,,,,,"2,278","11,789","23,083",980.8,"33,541","3,535","4,943","20,411",47.2,48.5,,,,"15,544",,,,,55.8,68.9,,,,0.9,21.9,,6.6,69.24183708
1/9/1996,411.84,83.48,0.5,0.3,7.5,,,,,,,"2,369","11,760","23,132","1,006.00","33,928","3,613","5,015","20,601",45.4,48.6,,,,"15,479",,,,,54.7,61.1,,,,0.9,24,,6.8,70.0
1/10/1996,415.55,83.2,0.7,0.4,7.5,,,,,,,"2,332","12,104","23,522","1,006.90","34,431","3,721","5,078","20,878",49.6,49,,,,"15,453",,,,,60.4,70.8,,,,0.9,24.9,,6.5,69.8
1/11/1996,420.03,84.09,0.4,0.3,7.5,,,,,,,"2,395","12,210","23,711",945.9,"35,197","3,901","5,161","21,443",50.1,49.1,,,,"15,567",,,,,55.5,66.6,,,,1,23.6,,6.2,70.0
1/12/1996,422.41,84,0.4,0.5,7.5,,,,,,,"2,589","12,473","24,102",900.6,"35,848","4,045","5,254","21,966",52.7,49.3,,,,"15,805",,,,,63.1,66.1,,,,1,25.4,,6.3,69.9
1/1/1997,423.79,83.32,0.5,0.3,7.5,,,,,,,"2,710","12,831","24,606",995.5,"35,972","4,248","5,319","22,049",49.8,50.4,,,,"15,938",,,,,59,69,,,,1.1,25.2,,6.6,70.6
1/2/1997,416.19,79.67,0.8,0.5,7.31,,,,,,,"2,666","12,965","24,955","1,044.40","36,109","4,499","5,364","22,045",48.1,50.2,,,,"16,539",,,,,55.8,60.8,,,,1.1,22.2,,6.4,70.9
1/3/1997,414.05,78.46,0.3,0.9,7.25,,,,,,,"2,663","13,071","25,184","1,023.20","36,496","4,602","5,482","22,253",53.4,50.1,,,,"16,909",,,,,62.9,68.4,,,,1.1,21,,6.7,71.0
1/4/1997,417.58,78.66,0.3,0.4,7.1,,,,,,,"2,683","13,349","25,721","1,069.80","37,073","4,647","5,558","22,708",51.8,50.6,,,,"16,950",,,,,59.2,70,,,,1.1,19.7,,6.9,71.5
1/5/1997,418.61,79.42,0.2,0.4,7,,,,,,,"2,695","13,501","25,992","1,169.70","37,421","4,664","5,636","22,939",53,51.8,,,,"17,330",,,,,62.9,71.4,,,,1.1,20.8,,6.7,71.7
1/6/1997,417.42,79.13,0.2,0.5,6.8,,,,,,,"2,773","13,807","26,516","1,184.80","37,497","4,667","5,717","22,973",50.6,51.5,,,,"17,872",,,,,58.5,69.2,,,,1.2,19.2,,6.5,72.2
1/7/1997,416.61,77.76,0.6,0.5,6.75,,,,,,,"2,720","13,913","26,884","1,207.60","37,815","4,709","5,772","23,176",50.3,52,,,,"17,822",,,,,58.9,74.9,,,,1.1,19.6,,6.2,72.4
1/8/1997,414.85,76.53,0.4,0.3,6.75,,,,,,,"2,685","13,900","26,895","1,146.00","38,323","4,803","5,842","23,476",51,52.4,,,,"18,390",,,,,61.7,69.8,,,,1,19.9,,6.3,72.6
1/9/1997,414.9,76.07,0.9,0.4,6.53,,,,,,,"2,852","14,351","27,539","1,151.70","38,489","4,843","5,886","23,581",49.5,52.9,,,,"18,443",,,,,61.7,66,,,,1,19.8,,6.2,73.3
1/10/1997,414.41,75.27,1.2,0.3,6.5,,,,,,,"2,748","14,715","27,974","1,065.00","39,058","4,877","5,945","23,960",53.8,53.2,,,,"19,234",,,,,63.2,74,,,,0.9,21.3,,6,73.7
1/11/1997,424.96,76.62,0.1,0.3,6.5,,,,,,,"2,754","14,804","28,314","1,037.50","40,255","4,920","6,077","24,746",54.7,53.6,,,,"19,230",,,,,59.6,69.9,,,,0.9,20.1,,5.9,74.1
1/12/1997,438.29,76.97,0.1,0.7,6.5,,,,,,,"3,108","15,341","29,045","1,016.80","40,556","4,805","5,987","25,349",57.7,53.9,,,,"18,274",,,,,67.5,71.8,,,,0.8,18.3,,5.8,74.3
1/1/1998,453.39,78.03,0.7,0.6,6.88,,,,,,,"3,108","15,351","28,569",907.3,"41,067","4,947","6,219","25,349",53.4,53.9,,,,"17,153",,,,,62.2,68.1,,,,0.8,16.7,,5.5,74.7
1/2/1998,448.53,77.56,-0.1,0.4,8.35,,,,,,,"2,961","15,568","28,684","1,001.50","41,470","4,950","6,315","25,666",51.7,53.9,,,,"17,362",,,,,56.9,62.1,,,,0.8,16.1,,5.6,74.7
1/3/1998,452.53,77.87,0.4,1,8.5,,,,,,,"2,950","15,749","29,086","1,062.60","41,572","4,997","6,368","25,730",58.1,54.4,,,,"17,275",,,,,65.7,73.8,,,,0.8,15.1,,5.6,75.1
1/4/1998,453.74,77.93,0.4,0.3,8.5,,,,,,,"2,975","15,847","29,382",995.4,"41,879","4,930","6,403","26,180",56.6,55.4,,,,"17,277",,,,,64.7,71.5,,,,0.8,15.3,,5.6,75.8
1/5/1998,453.42,77.72,0.2,0.6,8.5,,,,,,,"2,961","16,089","29,537",910.3,"42,054","4,836","6,476","26,408",56,54.9,,,,"17,121",,,,,68.1,68.8,,,,0.8,14.9,,5.7,76.0
1/6/1998,456.19,77.1,0.3,0.5,8.5,,,,,,,"3,002","16,186","29,805",860.9,"42,140","4,704","6,570","26,612",53.8,54.9,,,,"15,817",,,,,59,66.8,,,,0.8,13.7,,5.5,76.5
1/7/1998,464.64,78.33,0.4,0.5,8.5,,,,,,,"2,767","16,493","29,925",902.7,"41,953","4,610","6,637","26,649",53,54.9,,,,"15,184",,,,,63.9,75.6,,,,0.8,14.1,,5.5,76.7
1/8/1998,471.26,78.45,0.3,0.3,8.5,,,,,,,"2,667","16,431","30,047",633.2,"42,103","4,526","6,720","26,774",52.9,54.5,,,,"15,255",,,,,62.3,71.3,,,,0.7,13.4,,5.3,77.0
1/9/1998,470.5,78.41,0.5,0.4,10.98,,,,,,,"2,701","16,303","30,029",669,"42,071","4,484","6,807","26,710",51.1,54.6,,,,"15,541",,,,,60.9,65.8,,,,0.8,15,,4.8,77.9
1/10/1998,463.6,78.02,0.8,1,12.76,,,,,,,"2,596","16,375","30,211",732.9,"42,086","4,464","6,825","26,776",53.8,53.2,,,,"15,735",,,,,65.4,68.9,,,,0.7,14.4,,4.5,78.6
1/11/1998,463.26,77.61,0.1,0.3,9.81,,,,,,,"2,616","16,389","30,449",829.1,"42,286","4,487","6,899","26,835",53.8,52.7,,,,"15,787",,,,,64.5,66.7,,,,0.7,13,,4.8,78.8
1/12/1998,472.39,79.1,0.5,0.4,8.33,,,,,,,"2,851","16,496","30,882",786.7,"42,148","4,353","6,903","26,917",56.5,52.9,,,,"16,292",,,,,78.6,66.7,,,,0.7,11.3,,4.6,79.2
1/1/1999,475.68,78.85,-0.3,0.1,7.72,,,,,,,"2,920","16,625","31,231",810.5,"42,628","4,425","6,983","27,157",52.2,52.8,,,,"15,683",,,,,74.7,63.5,,"2,921.40",,0.7,12.5,,4.7,79.3
1/2/1999,493.45,79.67,0.1,0.3,7.25,,,,,,,"2,945","16,508","31,216",859.6,"42,718","4,370","7,029","27,175",50.3,52.9,,,,"15,223",,,,,68.9,59.6,,"2,724.40",,0.6,12,,5,79.5
1/3/1999,492.48,78.48,0.6,0.9,7.22,,,,,,,"2,904","16,525","31,145",931.7,"41,977","4,371","7,047","26,776",56.5,53,,,,"15,141",,,,,77.8,72.9,,"3,088.60",,0.6,14.7,,5.2,79.7
1/4/1999,482.33,77.78,0.4,0.3,6.57,,,,,,,"2,882","16,764","31,502",939.8,"42,100","4,343","7,091","26,913",53.9,52.6,,,,"15,981",,,,,70.9,67,,"2,856.70",,0.7,17.3,,5.2,80.6
1/5/1999,485.04,78.28,0.1,0,6.1,,,,,,,"2,932","17,244","32,250",897.6,"42,327","4,273","7,167","27,039",53.9,52.9,,,,"16,796",,,,,78.2,67.3,,"2,965.90",,0.7,17.8,192,5.5,81.0
1/6/1999,502.17,80.22,0.1,0.2,5.54,,,,,,,"2,990","17,643","32,911","1,006.10","42,370","4,199","7,245","26,869",52.8,53.6,,,,"15,249",,,,,70.5,66,,"2,933.10",,0.7,17.9,188.1,5.9,81.3
1/7/1999,516.74,82.58,0.1,0,5,,,,,,,"2,910","17,706","32,883","1,014.00","42,738","4,179","7,299","27,213",51.6,53.5,,,,"15,267",,,,,72.3,69.6,,"3,070.40",,0.7,20.1,184.9,5.8,81.5
1/8/1999,513.03,83.01,0.2,0.1,5,,,,,,,"2,848","17,735","32,840","1,008.30","42,913","4,178","7,390","27,267",52.4,54,,,,"15,192",,,,,75.9,70.3,,"3,094.50",,0.8,21.3,190.6,5.9,82.0
1/9/1999,524.55,85.34,0.2,-0.1,5,,,,,,,"3,046","17,940","33,240",984.2,"43,307","4,204","7,491","27,334",51.5,54.9,,,,"14,843",,,,,71.7,64.9,,"2,946.20",,0.8,23.9,186.7,5.9,82.9
1/10/1999,537.97,87.46,0.4,0.1,5,,,,,,,"3,017","18,019","33,445",987.7,"43,561","4,217","7,557","27,412",55.8,55,,,,"14,835",,,,,76,69,,"3,076.10",,0.8,22.6,159.5,6.1,83.3
1/11/1999,543.71,88.27,0.2,0,5,,,,,,,"3,084","18,206","33,951","1,058.40","44,143","4,261","7,630","27,810",57.2,55.8,,,,"14,690",,,,,74.5,72.3,,"3,052.60",,0.8,24.9,155.8,6,83.4
1/12/1999,538.22,87.54,0.3,0.1,5,,,,,,,"3,426","18,407","34,514","1,125.30","43,970","4,231","7,778","27,831",59.7,55.9,,,,"14,946",,,,,80.8,73.1,,"3,191.30",,0.8,26.1,145.2,6.3,83.9
1/1/2000,520.45,84.71,0.2,0.2,5.02,,,,,,,"3,436","18,744","34,621","1,151.40","44,005","4,322","7,840","27,776",55.5,56.1,,,,"14,481",,,,,77.7,70.5,,"3,175.60",,0.8,27.3,150,6.7,84.2
1/2/2000,512.85,82.93,0.6,0.5,5.25,,,,,,,"3,357","18,568","34,676","1,106.20","43,524","4,284","7,848","27,475",53.3,56.1,,,,"14,558",,,,,73.8,63.5,,"3,013.80",,0.8,29.4,161.4,6.5,84.2
1/3/2000,504.38,81.49,0.7,1,5.37,,,,,,,"3,209","18,573","34,805","1,129.80","43,570","4,312","7,879","27,459",60.1,56.2,,,,"14,769",,,,,81.6,77.5,,"3,366.50",,0.8,29.9,171.4,6.2,84.2
1/4/2000,508.1,81.44,0.5,0.3,5.5,,,,,,,"3,172","18,828","35,218","1,075.00","43,884","4,289","7,877","27,637",57.7,56.3,,,,"14,660",,,,,79.2,68.9,,"3,233.30",,0.8,25.8,199.7,6,84.7
1/5/2000,521.66,82.25,0.2,0.2,5.5,,,,,,,"3,133","18,994","35,471","1,124.20","44,030","4,240","7,948","27,601",57.6,56.4,,,,"14,931",,,,,80.6,74.9,,"3,355.00",,0.8,28.8,185.5,6.4,85.6
1/6/2000,529.74,85.2,0.2,0.2,5.5,,,,,,,"3,156","19,191","35,970","1,108.70","44,192","4,184","8,006","27,586",55.3,55.9,,,,"14,875",,,,,72.4,69.1,,"3,231.50",,0.8,31.9,219.7,6.1,86.0
1/7/2000,542.75,87.39,0.1,0,5.5,,,,,,,"3,105","19,394","36,381","1,074.80","44,421","4,179","8,043","27,554",54.7,56.9,,,,"14,869",,,,,80.7,72.7,,"3,290.00",,0.8,29.7,224.6,6,86.0
1/8/2000,550.99,87.96,0.3,0,5.43,,,,,,,"3,105","19,187","36,713","1,123.30","44,419","4,157","8,052","27,708",55.5,57.2,,,,"14,703",,,,,76.4,73.6,,"3,272.20",,0.8,31.3,190.7,5.8,86.4
1/9/2000,565.9,89.78,0.6,0.1,5,,,,,,,"3,198","19,173","36,793","1,109.80","44,524","4,139","8,054","27,774",53.7,57.2,,,,"14,425",,,,,75.8,64.5,,"3,117.10",,0.9,33.9,192.1,5.8,87.4
1/10/2000,567.84,89.23,0.6,0.2,5,,,,,,,"3,143","19,421","37,042","1,060.80","44,715","4,148","8,085","27,893",58.2,57.4,,,,"14,560",,,,,82.2,72.5,,"3,258.30",,0.9,33.1,216.2,5.7,88.2
1/11/2000,574.6,89.64,0.3,0.3,5,,,,,,,"3,177","19,633","37,653","1,086.60","45,307","4,172","8,143","28,284",59.1,57.8,,,,"14,541",,,,,81,71.8,,"3,211.80",,0.8,34.4,228.2,5.7,88.4
1/12/2000,574.63,90.2,0.1,0.3,5,,,,,,,"3,518","20,129","38,545","1,084.40","45,784","4,166","8,192","28,947",61.6,58,,,,"15,110",,,,,80.2,70.3,,"3,342.40",,0.8,28.4,227.8,5.2,89.1
1/1/2001,571.12,90.29,0.3,0.1,4.9,,,,,,,"3,510","20,513","38,974","1,138.40","45,745","4,284","8,207","28,932",57.1,57.7,,,,"14,856",,,,,76.8,68.8,,"3,312.90",,0.8,29.5,211,5.2,89.5
1/2/2001,563.13,88.32,-0.3,0,4.68,,,,,,,"3,471","20,285","38,804","1,096.20","46,095","4,291","8,256","29,174",55.3,58.2,,,,"14,826",,,,,72.4,63.4,,"3,080.00",,0.8,29.6,188.6,5.1,89.7
1/3/2001,587.79,90.81,0.5,0.9,4.05,,,,,,,"3,701","20,352","38,959","1,062.40","46,295","4,326","8,233","29,168",62.7,58.6,,,,"14,869",,,,,80.2,76.2,,"3,495.80",,0.8,27.2,189.7,4.9,89.8
1/4/2001,598.63,91.5,0.5,0.1,3.84,,,,,,,"3,704","20,742","39,556","1,105.70","46,661","4,291","8,239","29,488",59.8,58.4,,,,"14,670",,,,,76.6,71,,"3,298.50",,0.8,27.4,176.1,5.1,90.9
1/5/2001,604.48,91.77,0.4,0,3.75,,,,,,,"3,699","20,809","39,632","1,208.30","47,032","4,231","8,245","29,633",59.8,58.7,,,,"14,697",,,,,83.6,75.4,,"3,426.30",,0.8,28.6,178.7,5.4,91.1
1/6/2001,616.07,92.68,0.1,0.2,3.59,,,,,,,"3,720","20,957","40,174","1,169.20","47,489","4,192","8,354","29,818",58.5,59.2,,,,"14,543",,,,,76.4,73.4,,"3,341.80",,0.7,27.6,178.3,5.3,91.6
1/7/2001,656.46,98.24,-0.2,0.1,3.5,,,,,,,"3,698","21,040","40,797","1,201.20","48,319","4,194","8,455","30,148",56.3,58.6,,,,"14,683",,,,,80.3,72.9,,"3,450.30",,0.7,26.4,176.9,5.2,91.9
1/8/2001,673.7,101.17,0.8,0.4,6.5,,,,,,,"3,595","20,825","41,241","1,239.30","48,046","4,152","8,418","30,038",57.1,58.8,,,,"14,900",,,,,81.4,74.8,,"3,445.50",,0.7,27.5,183.3,5,92.5
1/9/2001,681.24,101.16,0.7,0.3,6.5,,,,,,,"3,779","20,707","41,460","1,071.30","48,714","4,161","8,370","30,520",55.3,58.7,,,,"14,595",,,,,79.9,64.5,,"3,218.70",,0.6,26.2,218.5,4.7,93.7
1/10/2001,708.1,103.71,0.1,0.4,6.5,,,,,,,"3,737","20,974","42,015","1,121.90","49,182","4,194","8,470","30,799",59.9,59,,,,"14,468",,,,,84.2,73.6,,"3,410.10",,0.6,22.2,227,4.5,94.5
1/11/2001,689.4,101.05,0,0.1,6.5,,,,,,,"3,659","21,081","42,272","1,192.10","49,169","4,253","8,556","31,111",60.7,59.3,,,,"14,379",,,,,80.7,73.4,,"3,343.10",,0.6,19.6,202.9,4.6,94.6
1/12/2001,669.14,98.31,-0.3,-0.1,6.5,,,,,,,"4,010","21,302","42,522","1,183.10","49,222","4,347","8,574","31,376",62.5,59,,,,"14,400",,,,,84,69,,"3,505.30",,0.7,19.3,176.3,5,95.4
1/1/2002,667.28,95.37,-0.1,0.1,6.16,,,,,,,"4,140","21,500","42,984","1,153.00","49,695","4,471","8,605","31,404",58.8,59.8,,,,"14,225",,,,,75.4,72.4,,"3,493.50",,0.7,19.7,174.9,5,95.2
1/2/2002,678.84,94.62,0,0.2,5.83,,,,,,,"4,061","21,610","43,083","1,144.40","49,415","4,476","8,615","31,179",55.8,59.5,,,,"14,129",,,,,69.1,67.7,,"3,215.60",,0.7,20.7,168.2,4.9,95.3
1/3/2002,663.26,92.33,0.5,0.6,5.05,,,,,,,"4,045","21,668","43,091","1,163.60","49,068","4,556","8,605","30,855",63.2,59.5,,,,"14,150",,,,,77.7,75.8,,"3,623.00",,0.7,24.4,136.1,5.3,95.5
1/4/2002,650.82,91.33,0.4,0.1,4.75,,,,,,,"4,038","21,878","43,217","1,137.80","48,577","4,569","8,611","30,530",61.7,60.2,,,,"15,418",,,,,71.9,75.3,,"3,489.00",,0.7,26.2,125,5.2,96.5
1/5/2002,653.91,91.78,0.1,0.2,4.23,,,,,,,"4,116","21,854","43,151","1,099.70","48,594","4,553","8,691","30,313",61.1,59.8,,,,"15,143",,,,,80,72.1,,"3,557.20",,0.7,27,139.9,5.1,96.4
1/6/2002,673.77,94.98,-0.1,0,4,,,,,,,"4,162","21,978","43,475","1,032.00","49,671","4,575","8,802","30,766",59.9,60.3,,,,"15,223",,,,,75.4,70.2,,"3,494.30",,0.7,25.5,168.8,4.9,97.1
1/7/2002,696.33,99.05,0.4,0,3.54,,,,,,,"4,114","22,167","43,650","1,039.60","49,661","4,580","8,865","30,526",58.4,60.4,,,,"15,099",,,,,70.5,76,,"3,591.90",,0.7,26.9,202.4,4.6,97.2
1/8/2002,702.3,99.21,0.4,0,3.07,,,,,,,"4,196","22,168","43,874","1,022.40","49,799","4,603","8,914","30,495",59.2,60.7,,,,"14,935",,,,,78.1,71.7,,"3,594.50",,0.7,28.4,211.5,4.2,97.6
1/9/2002,726.98,101.52,0.8,0.2,3,4.12,,5.85,,3.55,2.53,"4,285","22,399","44,104",927.4,"50,264","4,689","8,928","30,601",57.9,61,,,,"14,740",,,,,74.1,67.5,,"3,365.40",,0.7,29.7,199.7,3.9,98.6
1/10/2002,742.32,102.11,0.9,0.4,3,4.46,,6.36,,3.87,2.84,"4,284","22,512","44,206",958.5,"50,046","4,719","8,945","30,623",62.4,61.3,,,,"14,911",,,,,78.5,77.8,,"3,606.30",,0.7,28.9,227.6,3.9,100.0
1/11/2002,709.48,99.87,-0.1,0.2,3,3.98,,5.98,,3.96,3.08,"4,461","23,014","45,091",960.3,"50,031","4,815","9,081","30,920",63.1,61.5,,,,"15,178",,,,,79.7,75.2,,"3,547.50",,0.7,26.3,197.9,4,99.7
1/12/2002,701.95,100.12,-0.4,0.2,3,3.95,,5.63,,4.06,3.27,"4,670","23,096","45,202","1,000.00","50,174","4,926","9,121","31,085",65.5,61.7,,,,"15,351",,,,,92.6,76.7,,"3,755.80",,0.7,29.4,167.9,4,100.5
1/1/2003,722.48,105.4,0.1,0.2,2.82,4.08,,5.8,,3.9,2.77,"4,887","23,176","45,746","1,002.00","50,569","5,082","9,163","31,003",61.2,62.2,"1,739","1,613",294,"16,429",,,,,78.1,75,,"3,742.00",,0.7,33,167.9,4,100.2
1/2/2003,745.21,108.68,0.8,0.1,2.75,4.16,,5.78,,3.94,2.75,"4,863","23,305","46,350","1,014.90","50,559","5,045","9,136","30,838",58.7,62.5,"1,598","1,289",223,"16,446",,,,,74.4,71.8,,"3,455.90",,0.8,35.8,164.4,3.9,100.3
1/3/2003,743.28,108.77,1.2,0.8,2.75,4.28,,5.84,,3.79,2.47,"5,245","23,767","46,748","1,009.10","49,895","5,064","9,211","30,491",66.1,62.1,"1,857","1,307",311,"16,499",,,,,83.7,82.4,,"3,888.80",,0.8,33.3,166.5,3.8,100.7
1/4/2003,718.25,106.08,-0.1,0.4,2.75,4.04,,5.67,,3.85,2.71,"5,105","23,475","46,923","1,164.00","50,641","5,115","9,398","31,118",64.1,62.7,"1,805","1,575",367,"15,890",,,,,77.4,78.9,,"3,738.30",,0.7,28.2,141.3,3.9,101.2
1/5/2003,703.58,106.49,-0.4,0,2.75,4.06,,5.75,,3.91,2.94,"5,124","22,848","46,816","1,231.00","51,040","5,145","9,550","31,175",63.9,62.7,"1,878","1,510",324,"15,862",,,,,81.3,75.6,,"3,789.90",,0.7,28.1,126.5,3.5,101.7
1/6/2003,709.18,108.38,0,0,2.75,4.06,,5.79,,3.86,2.85,"5,044","22,600","46,478","1,228.10","50,844","5,203","9,675","30,805",62.5,62.9,"1,625","1,372",264,"15,490",,,,,83.9,73.8,,"3,706.40",,0.8,30.7,129.1,3.3,102.0
1/7/2003,701.14,106.85,-0.1,0,2.75,5.86,,5.98,,3.9,2.77,"4,857","22,265","46,258","1,321.40","51,174","5,276","9,727","30,927",61,63.2,"1,744","1,554",245,"15,418",,,,,85.2,78.1,,"3,897.90",,0.8,30.8,120.6,3.9,102.2
1/8/2003,703.77,106,0.2,-0.1,2.75,5.01,,6.08,,3.92,2.7,"4,810","22,009","46,483","1,369.60","51,224","5,304","9,697","31,075",61.4,63,"1,760","1,521",287,"15,331",,,,,79.3,77,,"3,792.50",,0.8,31.6,118.8,4.4,102.4
1/9/2003,675.44,102.3,0.2,0,2.75,4.51,,6.25,,4.22,3,"4,988","22,199","46,726","1,430.50","51,131","5,407","9,794","31,023",60.2,63.3,"1,678","1,455",275,"15,655",,,,,79.9,73.5,,"3,623.00",,0.8,28.3,108.1,4.3,103.2
1/10/2003,646.07,100.04,-0.2,0,2.75,4.18,,5.88,,4.08,3.1,"4,920","22,339","46,432","1,516.00","51,279","5,487","9,982","31,064",64.7,63.6,"1,917","1,652",301,"15,649",,,,,85.7,81.7,,"3,849.00",,0.9,30.3,96.8,4.3,104.3
1/11/2003,625.47,97.25,-0.3,-0.1,2.75,3.51,,4.98,,4.08,3.16,"5,009","22,225","46,333","1,458.30","52,053","5,627","10,106","31,466",65.2,63.6,"1,899","1,503",292,"15,778",,,,,83.2,77.3,,"3,736.80",,0.9,31.1,87.2,4.3,104.0
1/12/2003,602.9,95.41,-0.3,0,2.45,3.26,,4.6,,4.3,3.24,"5,492","22,548","46,872","1,484.80","52,350","5,678","10,243","31,710",67.8,63.8,"2,151","1,516",304,"15,851",,,,,90.7,78.9,,"3,907.00",,1,32.1,86,4.3,104.8
1/1/2004,573.64,92.19,-0.2,0,1.87,2.99,,4.28,,3.98,2.96,"5,654","22,943","46,950","1,408.90","53,486","5,901","10,202","32,633",63.7,64.7,"2,295","1,676",293,"16,026",,,,,78.1,79.3,,"3,930.60",,1.1,34.2,88.4,4.1,104.5
1/2/2004,584.31,94.4,0,0,1.75,2.87,,4.24,,3.81,2.65,"5,591","23,039","47,016","1,543.10","53,552","5,928","10,243","32,528",61.3,65.1,"2,581","1,440",256,"16,090",,,,,77.6,77.6,,"3,796.20",,1.3,34.7,92.7,4.1,104.7
1/3/2004,603.91,97.04,0.4,0.5,1.75,2.71,,4.13,,3.53,2.34,"5,952","23,597","48,014","1,458.90","54,534","6,049","10,374","32,845",70.1,65.9,"2,809","1,859",346,"15,965",,,,,87.1,89.1,,"4,157.10",,1.4,36.7,92.5,3.8,105.1
1/4/2004,608.19,98.28,0.4,0,1.75,2.77,,4.31,,3.8,2.48,"5,716","23,662","48,081","1,430.60","55,255","6,074","10,457","33,125",68,66.4,"2,804","1,742",314,"15,986",,,,,87.1,83.2,,"3,951.20",,1.3,36.7,85.8,4.3,106.1
1/5/2004,635.76,101.32,0.5,0,1.75,2.98,,4.68,,3.74,2.21,"5,981","23,796","48,319","1,428.80","55,747","6,086","10,576","33,142",67.9,66.7,"2,679","1,837",340,"16,137",,,,,89.8,82.1,,"4,059.20",,1.2,40.3,97.5,4.7,106.7
1/6/2004,643.5,103.25,0.4,0.1,1.75,3.08,,4.38,,3.8,2.37,"6,088","23,988","48,783","1,483.00","55,983","6,142","10,843","33,087",66.5,66.9,"2,492","1,714",312,"15,853",,,,,89.6,80.3,,"4,020.70",,1.2,38,86,4.7,106.8
1/7/2004,632.39,102.39,0.2,0.1,1.75,3.12,6.43,4.65,,3.67,2.34,"6,074","24,530","49,168","1,520.90","56,848","6,223","11,140","33,405",65.7,68.2,"2,836","2,020",336,"15,850",,,,,95.1,84.8,,"4,185.70",,1.3,40.8,84.8,4.5,107.1
1/8/2004,635.93,103.08,0.4,0,1.75,3.14,6.31,4.88,,3.17,1.99,"6,085","24,906","49,626","1,631.40","57,106","6,263","11,245","33,557",66.7,68.6,"2,803","1,996",337,"15,781",,,,,92.2,84.8,,"4,160.30",,1.3,44.9,73.3,4.3,107.7
1/9/2004,616.55,100.23,0.1,0.1,1.94,3.46,6.18,4.97,,3.28,2.27,"6,303","25,594","50,389","1,707.00","57,319","6,396","11,514","33,595",65.3,68.9,"2,788","2,101",378,"15,843",,,,,90.3,83.2,,"3,928.60",,1.3,45.9,72.2,4.1,108.5
1/10/2004,607.28,100.09,0.3,0,2,4.2,6.57,5.48,,3.25,2.36,"6,422","26,231","50,960","1,768.20","58,393","6,505","11,675","34,213",70.6,69.5,"2,769","2,245",429,"15,704",,,,,97.6,86.8,,"4,136.00",,1.4,53.3,77.8,4.1,109.4
1/11/2004,596.72,100.02,0.3,0.2,2.15,4.07,6.19,5.1,,3.21,2.44,"6,447","26,241","51,414","1,790.50","58,627","6,645","11,838","34,366",71.3,69.5,"2,967","2,042",410,"16,007",,,,,94.8,85.7,,"4,055.20",,1.4,48.5,72.6,4.2,109.0
1/12/2004,576.17,98,-0.4,0.1,2.25,4.12,6.01,4.86,,3.26,2.56,"6,815","26,769","51,840","1,796.50","59,122","6,766","12,162","34,815",74.2,69.5,"3,203","2,193",486,"16,016",,,,,102.5,87.9,,"4,289.80",,1.4,43.2,67.6,4.2,109.5
1/1/2005,574.12,97.66,-0.3,0,2.42,3.99,5.97,4.89,2.19,3.16,2.5,"6,980","27,363","51,844","1,809.90","60,487","7,068","12,271","35,501",68.4,69.5,"2,905","2,170",475,"15,595",,,,,86.6,84,,"4,186.00",,1.4,46.8,62.6,4.2,109.8
1/2/2005,573.58,98.28,-0.1,0.1,2.65,4.12,5.91,4.91,1.99,2.9,2.27,"6,869","27,506","51,938","1,895.20","60,869","7,161","12,332","35,541",65.2,69.1,"2,884","2,005",404,"15,470",,,,,75,80.4,,"3,879.60",,1.5,48,60.6,4.2,109.7
1/3/2005,586.48,100.45,0.6,0.5,2.75,4.55,6.04,5.14,1.7,2.81,2.14,"6,830","27,803","52,416","1,961.70","61,557","7,327","12,469","35,866",73.9,69.9,"3,641","2,546",505,"15,380",,,,,89.8,92,,"4,344.60",,1.5,54.2,65.5,4.5,109.9
1/4/2005,580.46,99.33,0.9,0.2,2.94,4.62,6.09,5.39,1.5,2.63,2.08,"6,898","28,497","53,291","1,957.00","62,066","7,380","12,444","36,160",72.2,70.6,"3,494","2,391",571,"16,990",,,,,82.6,91.9,,"4,174.40",,1.5,53,70.5,4.3,110.4
1/5/2005,578.31,98.6,0.3,0.2,3.14,4.72,5.88,5.31,1.52,2.39,2.08,"7,018","28,983","54,116","1,968.80","62,706","7,417","12,618","36,393",71.4,70.2,"3,283","2,563",493,"17,377",,,,,91.3,87.7,,"4,273.60",,1.5,49.8,70.5,4.1,110.5
1/6/2005,585.47,99.07,0.4,0.2,3.25,4.69,5.69,5.14,1.6,2.33,1.97,"6,912","29,518","54,797","2,056.80","62,805","7,481","12,813","36,443",70.6,71,"3,480","2,414",536,"16,643",,,,,83.5,85.7,,"4,143.20",,1.6,56.4,65.8,4,111.6
1/7/2005,575.77,97.3,0.6,0.2,3.4,4.77,5.8,5.33,1.61,2.4,1.96,"6,869","29,899","55,084","2,175.10","62,771","7,563","12,966","36,412",68.4,71.3,"3,439","2,749",678,"16,214",,,,,84.4,87.7,,"4,279.40",,1.6,58.7,59,4.2,111.5
1/8/2005,546.61,93.09,0.3,0.1,3.65,4.91,5.78,5.42,1.49,2.2,1.82,"6,769","29,832","55,195","2,086.30","63,504","7,698","13,241","36,796",70.8,73,"3,351","2,655",557,"16,272",,,,,93.5,88.5,,"4,282.70",,1.7,65,54.9,4.3,112.1
1/9/2005,536.7,91.11,1,0.3,3.93,5.06,5.85,5.52,1.43,2.26,1.87,"6,839","29,917","55,625","2,152.80","64,014","7,806","13,462","37,156",68.8,72.4,"3,486","2,771",568,"15,651",,,,,88.4,87.6,,"4,074.00",,1.7,65.5,56,4.2,112.6
1/10/2005,535.5,90.53,0.5,0.2,4.18,5.58,6.24,6.04,2.28,2.99,2.66,"6,857","30,724","56,218","2,072.60","64,995","7,951","13,643","37,558",73.4,72.2,"3,489","3,013",768,"15,021",,,,,92.7,90.1,,"4,276.70",,1.8,62.4,60.9,4.5,113.5
1/11/2005,529.88,89.1,-0.2,0.2,4.42,5.85,6.53,6.23,3.35,3.35,3.33,"6,939","31,518","57,165","2,027.60","66,390","8,186","13,904","38,681",75.4,73.5,"4,091","2,834",698,"16,025",,,,,95.7,90.9,,"4,251.70",,1.9,58.3,74.3,4.5,113.7
1/12/2005,514.33,86.61,-0.3,0.2,4.5,5.86,6.3,6.04,3.43,3.26,3.17,"7,579","33,191","58,669","1,964.50","67,716","8,369","14,144","39,651",79.4,74.1,"4,430","2,563",589,"16,963",,,,,109.9,92.8,,"4,455.20",,2.1,59.4,77,4.5,114.7
1/1/2006,524.48,89.36,0.1,0,4.5,5.71,6.19,6.04,2.96,3.01,2.86,"7,578","33,275","58,411","2,118.50","68,301","8,518","14,246","39,566",72.4,73.6,"4,073","2,982",619,"15,902",,,,,84.2,90.7,,"4,441.90",,2.1,65.5,76.3,4.4,115.4
1/2/2006,525.7,89.78,-0.1,0.2,4.66,5.81,6.26,6.02,2.57,2.95,2.69,"7,548","33,541","58,808","2,166.80","68,914","8,647","14,402","39,787",70,74.1,"4,291","2,472",428,"16,130",,,,,78.3,84.2,,"4,058.50",,2.3,61.6,70.8,4.6,115.3
1/3/2006,528.77,89.59,0.6,0.9,4.75,5.85,6.3,6,2.6,3.01,2.78,"7,540","34,052","59,337","2,182.00","69,968","8,872","14,514","40,366",77.9,73.9,"5,644","3,030",659,"15,971",,,,,89.6,98.3,,"4,572.80",,2.3,62.9,71.2,4.7,115.2
1/4/2006,517.33,88.68,0.6,0.4,4.88,5.91,6.31,6.04,2.46,3.01,2.72,"7,637","34,529","59,766","2,201.60","70,837","8,975","14,571","41,051",76.1,74.8,"5,264","2,442",476,"17,468",,,,,88.3,92.2,,"4,375.30",,2.9,69.5,76.9,5,116.0
1/5/2006,520.79,90.65,0.2,0.1,5,5.96,6.32,6.11,2.89,3.23,2.98,"7,696","34,949","60,307","2,156.50","71,528","9,071","14,785","41,090",76.8,75.7,"4,708","3,317",581,"18,173",,,,,92.4,93.6,,"4,540.50",,3.6,70.9,77.3,5.1,116.2
1/6/2006,542.46,93.66,0.6,0.1,5,6.07,6.44,6.24,3.08,3.3,3.17,"7,822","35,405","60,802","2,126.00","72,437","9,144","14,926","41,315",75.4,75.8,"6,026","3,113",610,"17,570",,,,,91.3,88.1,,"4,419.70",,3.3,70.9,82.3,5.1,116.5
1/7/2006,540.62,93.89,0.5,0.2,5.14,6.16,6.55,6.35,2.9,3.24,3.05,"7,690","35,451","60,572","2,131.60","72,710","9,238","15,128","41,618",73,75.9,"4,990","3,027",679,"17,033",,,,,91.9,90.1,,"4,573.10",,3.5,74.4,83.6,5.1,116.5
1/8/2006,538.53,94.11,0.3,0,5.25,6.01,6.35,6.17,2.89,3.12,3,"7,658","36,298","61,518","2,206.40","73,612","9,433","15,402","42,043",74.2,76.3,"5,135","3,435",670,"16,971",,,,,83.5,89.8,,"4,518.70",,3.5,73,86.7,4.9,116.8
1/9/2006,538.65,93.11,0,0.1,5.25,5.72,6.02,5.96,3.16,3.07,3.07,"7,925","37,093","62,992","2,280.50","74,208","9,603","15,600","42,101",73.4,77.1,"4,942","3,255",748,"17,547",,,,,81.2,85.4,,"4,309.90",,3.4,63.8,84.6,4.7,117.8
1/10/2006,530.95,91.59,-0.3,0.1,5.25,5.53,5.87,5.75,3.25,2.95,2.95,"7,740","36,841","62,912","2,380.30","75,024","9,804","15,800","42,584",79.1,77.9,"4,392","3,173",603,"17,490",,,,,98.9,94.5,,"4,562.80",,3.4,58.9,81.9,4.7,118.9
1/11/2006,527.44,92.37,-0.2,0.3,5.25,5.47,5.6,5.57,3.18,2.73,2.78,"7,867","37,316","63,560","2,559.70","76,634","10,008","15,999","43,601",79.7,77.7,"4,112","3,243",696,"17,164",,,,,95.6,92.9,,"4,471.80",,3.2,59.1,78.6,4.6,118.8
1/12/2006,527.58,93.38,0.1,0.2,5.25,5.51,5.61,5.56,3,2.67,2.66,"8,580","38,639","65,037","2,693.40","78,157","10,141","16,138","44,697",84.1,78.3,"5,803","2,993",653,"19,429",,,,,105.9,93.9,,"4,729.80",,3,62,86.5,4.6,120.1
1/1/2007,540.51,94.21,0.3,0.2,5.09,5.26,5.49,5.37,2.88,2.69,2.65,"8,792","39,511","65,743","2,895.30","78,736","10,227","16,283","44,851",76.4,77.9,"5,407","2,980",548,"17,341",,,,,88.9,93.3,,"4,760.40",,2.6,54.2,81.3,4.8,118.5
1/2/2007,542.27,95.54,-0.2,0.2,5,5.17,5.52,5.34,2.77,2.77,2.71,"8,739","39,865","66,356","2,811.60","79,765","10,338","16,526","45,463",73.4,78.3,"5,183","2,893",535,"16,172",,,,,79.2,88.2,,"4,310.80",,2.6,59.3,80.1,4.7,118.4
1/3/2007,538.49,95.23,0.4,0.7,5,5.09,5.5,5.3,2.59,2.65,2.59,"8,782","40,408","67,013","2,929.00","80,393","10,493","16,709","45,794",83.2,79.9,"6,041","3,513",675,"15,390",,,,,100,103.2,,"4,891.50",,2.9,60.6,86.2,4.6,118.4
1/4/2007,532.3,95.52,0.6,0.5,5,5.15,5.63,5.34,2.34,2.64,2.49,"8,996","41,120","67,502","3,161.20","81,245","10,561","16,838","46,244",80.6,79.4,"6,218","3,250",622,"17,529",,,,,92.7,97,,"4,635.60",,3.5,63.9,82,4.7,119.3
1/5/2007,522.02,94.04,0.6,0.4,5,5.52,6.07,5.74,2.59,2.95,2.79,"9,049","41,748","68,686","3,279.50","81,997","10,560","17,068","46,554",80.8,79.4,"6,394","3,849",747,"16,961",,,,,96,96.4,,"4,777.10",,3.5,63.5,79.7,4.7,119.5
1/6/2007,526.72,95.07,0.9,0.4,5,5.84,6.49,6.07,2.59,3.21,2.95,"9,093","42,478","69,631","3,470.20","82,426","10,542","17,312","46,873",79.3,79.5,"5,939","3,504",646,"17,896",,,,,93.8,94.2,,"4,705.10",,3.4,67.5,80.3,5.1,120.7
1/7/2007,519.8,94.41,1.1,0.8,5.15,6.07,6.53,6.24,2.58,3.18,2.82,"9,141","43,094","70,343","3,340.40","82,676","10,556","17,460","47,079",75.3,78.5,"5,468","3,740",631,"18,581",,,,,91.5,93.6,,"4,692.60",,3.6,74.1,89.8,5,121.2
1/8/2007,522.92,93.42,1.1,0.7,5.42,6.25,6.45,6.33,2.77,3.1,2.9,"9,121","43,189","70,757","3,310.10","83,439","10,622","17,678","47,502",77.6,79.5,"5,575","4,145",725,"15,761",,,,,87.9,93.5,,"4,724.90",,3.4,72.4,107.9,4.7,122.1
1/9/2007,516.91,92.18,1.1,0.7,5.62,6.19,6.37,6.27,2.72,2.96,2.75,"9,409","43,516","71,324","3,249.00","84,019","10,610","17,925","48,000",77.3,80.7,"5,291","3,661",661,"16,320",,,,,96.3,86.4,,"4,425.30",,3.5,79.9,121.2,4.5,122.6
1/10/2007,501.44,91.07,0.3,0.5,5.75,6.18,6.35,6.26,2.72,3,2.83,"9,191","43,978","72,127","3,451.20","85,077","10,717","18,239","48,762",81.8,80.2,"5,803","4,424",831,"16,422",,,,,98,99,,"4,710.00",,3.6,85.9,117,4.5,124.0
1/11/2007,506.95,93.62,0.8,0.5,5.75,6.1,6.22,6.17,2.84,2.89,2.82,"9,571","45,460","73,830","3,204.50","86,734","10,788","18,373","49,846",83.1,80.8,"5,412","4,411",924,"16,224",,,,,93.4,96.9,,"4,582.50",,3.2,94.8,133.7,4.1,123.7
1/12/2007,499.28,91.85,0.5,0.4,5.88,6.2,6.36,6.3,2.83,3.02,2.94,"10,130","47,119","75,179","3,051.80","87,828","10,855","18,627","50,853",88,81.7,"5,830","4,108",987,"16,910",,,,,105.6,97,,"4,775.90",,3,91.4,152.7,4.1,125.3
1/1/2008,480.9,89.57,0,0.3,6.17,6.49,6.55,6.51,2.78,3.02,2.94,"10,204","47,932","75,855","2,788.30","87,725","10,978","19,015","50,664",80.4,82.4,"6,265","4,251",826,"16,882",,,,,88,97.4,,"4,878.30",,3.2,93,164.6,3.7,125.4
1/2/2008,467.22,87.97,0.4,0.2,6.25,6.36,6.34,6.35,2.67,2.81,2.72,"10,157","48,453","76,113","2,836.80","88,305","11,017","19,137","50,973",78.3,83.4,"6,120","4,340",731,"17,197",,,,,84.1,93.2,,"4,611.10",,3.6,95.4,169.1,3.7,125.0
1/3/2008,442.94,84.89,0.8,1.3,6.25,6.55,6.53,6.53,2.01,2.67,2.35,"10,102","48,979","76,559","2,902.00","88,154","11,044","19,259","50,792",86.7,83.2,"6,772","4,469",736,"17,897",,,,,91.4,102.2,,"4,765.30",,3.8,105.5,169.3,3.5,125.5
1/4/2008,446.43,87.14,0.4,0.7,6.25,6.55,6.54,6.52,1.92,2.7,2.34,"10,101","49,570","77,828","2,989.40","90,408","11,134","19,563","51,768",84.4,82.8,"6,290","5,196",900,"18,263",,,,,84.8,101.3,,"4,449.90",,3.9,112.6,171.9,3.6,127.1
1/5/2008,470.1,91.47,1.2,0.7,6.25,6.9,7.02,6.96,2.07,3.17,2.8,"10,416","50,252","79,678","3,048.90","91,037","10,999","19,595","51,898",84.3,82.8,"6,197","5,183",993,"19,125",,,,,90.9,94.2,,"4,619.00",,3.8,125.4,159,3.9,127.2
1/6/2008,493.61,96.88,1.5,0.6,6.58,7.54,7.57,7.56,1.69,3.42,2.86,"10,492","50,389","81,062","2,999.90","92,131","10,883","19,728","52,194",83.2,83.5,"5,832","5,123","1,072","20,250",,,,,94.1,93.3,,"4,661.80",,3.7,133.9,166,4.1,127.7
1/7/2008,502.24,99.75,1.1,0.5,7.07,8.05,7.8,7.8,1.72,3.39,2.91,"9,950","50,128","81,643","3,014.80","91,797","10,817","19,949","52,232",80.1,83.7,"5,846","5,791","1,143","21,847",,,,,86.8,96.5,,"4,779.20",,3.8,133.4,180.7,4,128.4
1/8/2008,516.7,99.3,0.9,0.5,7.5,8.38,7.89,8.04,1.92,3.4,2.95,"10,063","50,614","83,340","2,895.20","92,137","10,797","20,166","52,438",79.3,81,"5,042","5,561","1,019","22,356",,,,,84.8,90.6,,"4,757.50",,3.5,116.6,172.6,3.9,129.3
1/9/2008,530.17,97.25,1.1,0.5,8.15,8.6,7.65,7.77,2.88,3.4,3.19,"10,193","51,290","85,235","2,753.30","93,130","10,714","20,282","52,770",78.7,82.3,"4,396","5,397","1,011","24,204",,,,,85.9,89.5,,"4,530.60",,3.2,103.9,188.9,3.7,130.9
1/10/2008,618.39,105.61,0.9,0.6,8.25,7.3,6.82,6.84,3.54,3.18,3.2,"10,417","52,927","86,992","2,489.60","95,998","10,631","20,413","54,146",84.1,82.4,"4,118","5,503","1,104","22,959",,,,,90.3,98.2,,"4,783.10",,2.2,76.6,307.4,3.8,
1/11/2008,651.51,107.38,-0.1,0.8,8.25,6.78,6.53,6.59,4.04,3.28,3.44,"10,283","54,093","88,021","2,406.30","96,744","10,693","20,678","54,644",82.9,80.5,"3,393","3,814","1,024","21,921",,,,,87.8,91.5,,"4,661.70",,1.7,57.3,352.8,3.5,
1/12/2008,649.32,107.49,-1.2,0.4,8.25,6.53,6.08,6.1,4.54,3.2,3.47,"10,808","55,157","88,810","2,376.40","96,668","10,811","21,055","54,675",88.1,81.6,"4,240","3,828",897,"23,162",,,,,96,93.4,,"4,878.80",,1.4,41.4,350.9,2.4,
1/1/2009,623.01,103.02,-0.8,0.3,7.49,5.73,5.57,5.51,4.14,2.92,3.19,"10,753","55,264","88,645","2,549.50","96,138","10,879","21,214","54,279",78.6,81,"3,652","3,155",804,"23,454",,,,86.3,84,89.2,,"4,856.80",,1.5,41.7,383.1,2.5,
1/2/2009,606,98.36,-0.4,0.3,5.88,3.91,4.84,4.35,2.56,2.45,2.14,"10,535","54,726","88,440","2,468.60","95,093","10,845","21,152","53,840",74.8,80.8,"3,436","2,789",575,"22,896",,,,79.6,74.8,86,,"4,418.80",,1.5,39.2,370.5,2.9,
1/3/2009,592.93,94.7,0.4,1.1,3.27,2.75,4.89,4.08,1.47,2.4,1.67,"10,643","53,978","88,131","2,478.90","93,434","10,807","21,098","52,747",85,80.9,"4,299","2,909",573,"23,382",,,,89.9,86.1,96.1,,"4,911.60",,1.7,48,318.7,2.8,
1/4/2009,583.18,95.82,-0.2,-0.1,1.92,2.49,5.44,4.45,1.24,2.62,1.81,"10,890","53,627","88,263","2,670.80","93,825","10,876","21,192","53,396",82,80.6,"4,368","3,193",643,"23,560",,,,85.4,84.5,88,,"4,567.90",,2,49.8,303.4,2.9,
1/5/2009,565.72,95.29,-0.3,0.1,1.36,2.36,5.69,4.48,1.87,3.02,2.61,"11,334","53,824","88,802","3,100.40","93,665","10,832","21,361","53,367",81.5,80.3,"4,279","2,775",538,"24,001",,,,86.4,89.1,84.5,,"4,700.30",,2.1,59.1,248.6,3.3,
1/6/2009,553.08,95.1,0.3,0,1.04,2.68,5.89,4.83,2,3.03,2.58,"11,615","53,975","88,978","3,090.50","92,060","10,720","21,485","52,793",80.1,80.3,"4,447","3,006",596,"23,448",,,,87.8,92.3,84.1,,"4,671.50",,2.3,69.6,172,3.7,
1/7/2009,540.42,93.76,-0.4,-0.3,0.58,2.2,5.75,4.64,1.64,2.87,2.48,"11,602","54,315","88,664","3,226.20","92,631","10,777","21,753","53,065",77,80.7,"4,751","3,737",778,"23,498",,,,84.3,83.4,86.9,,"4,698.10",,2.4,64.1,162.7,3.5,
1/8/2009,546.88,96.77,-0.4,-0.2,0.5,1.45,5.61,4.39,1.41,2.94,2.55,"11,748","54,411","88,962","3,175.20","93,732","10,829","21,988","53,815",79.8,81.2,"4,671","3,251",638,"25,053",,,,88.4,91.7,86.4,,"4,791.10",,2.8,71.1,134.6,3.6,
1/9/2009,549.07,96.33,1,0.2,0.5,2.2,5.85,4.91,0.98,2.87,2.18,"12,297","54,228","89,248","3,372.90","93,039","10,750","21,925","53,521",78.7,81.9,"4,404","3,248",568,"26,040",,,,88,92.6,84.5,,"4,626.80",,2.8,69.4,142.6,3.4,
1/10/2009,545.83,97.28,0,0,0.5,2.92,5.98,5.17,1.17,2.86,2.21,"12,344","53,844","88,516","3,314.50","93,459","10,826","22,240","53,578",83.4,82,"5,744","3,893",678,"25,963",,,,94.8,98.5,93.7,,"4,786.00",,2.9,75.8,138.5,3.4,
1/11/2009,507.78,91.66,-0.5,-0.1,0.5,3.01,6.16,5.39,1.92,3.19,2.65,"12,322","53,339","88,383","3,255.30","93,633","10,940","22,667","53,709",85.3,82.1,"5,317","4,009",872,"26,115",,,,91.4,92.8,92.5,,"4,690.20",,3,78,130.1,3.4,
1/12/2009,501.45,90.75,-0.3,-0.1,0.5,2.84,6.31,5.36,2.06,3.29,2.86,"13,279","54,288","89,579","3,581.40","95,943","11,076","22,924","55,864",89,82.7,"6,096","4,177","1,089","25,373",,,,95,98.5,92.6,,"4,977.40",,3.2,74.5,111,3.6,
1/1/2010,500.66,89.75,0.5,-0.1,0.5,3.22,6.39,5.32,1.71,3.19,2.61,"13,781","55,381","90,409","3,809.00","96,152","11,064","22,866","55,361",80.3,83.1,"5,067","3,887",863,"24,946",,,,85.5,83.6,87.6,,"4,883.80",,3.4,78.4,107.9,3.7,
1/2/2010,532.56,94.26,0.3,0.2,0.5,3.73,6.4,5.39,1.13,3.11,2.23,"13,876","55,821","91,188","3,827.40","96,200","11,053","22,953","55,518",77.6,84.1,"5,004","3,665",720,"24,922",,,,81.5,78.4,85.9,,"4,385.90",,3.1,76.4,132.2,3.7,
1/3/2010,523.16,93.32,0.1,0.3,0.5,3.54,6.47,5.46,0.6,3.12,2.12,"14,205","56,475","92,580","3,763.10","96,164","11,117","23,080","55,266",84.9,80.6,"5,544","4,213",797,"25,631","7,883.70","7,156.20",9.2,85.9,89.3,82.5,,"4,528.20",,3.4,81.3,128,3.7,
1/4/2010,520.62,93,0.5,0,0.5,3.71,6.47,5.66,0.76,3.12,2.27,"14,334","56,897","93,520","3,865.50","96,692","11,221","23,118","55,418",86.9,85.4,"5,361","4,224",943,"25,523","7,896.50","7,198.80",8.8,89.3,89.8,90.9,,"4,608.00",,3.5,84.5,111,3.8,
1/5/2010,533.21,93.61,0.4,-0.1,0.5,3.89,6.36,5.61,1.17,2.98,2.28,"15,027","57,758","94,621","3,886.90","97,398","11,199","23,318","55,599",86.6,85,"5,674","4,556",834,"24,861","7,899.80","7,181.90",9.1,88.3,86,92.7,,"4,844.70",,3.1,73.7,140.2,3.4,
1/6/2010,536.67,93.59,0,0.1,0.74,4.08,6.37,5.66,1.18,2.99,2.38,"15,322","57,634","94,823","4,065.30","98,442","11,268","23,648","55,962",85.7,85.9,"5,364","4,249",877,"25,175","7,905.90","7,221.60",8.7,90.3,92.4,89.1,,"4,897.50",,2.9,75.4,154.4,3.2,
1/7/2010,531.72,93.72,0.6,0,1.24,4.52,6.26,5.7,1.26,2.86,2.34,"15,145","57,204","93,691","4,364.20","97,305","11,300","23,675","55,171",82.9,87.1,"6,006","4,963","1,017","25,826","7,931.60","7,256.50",8.5,91.3,91.4,92.2,,"5,100.20",,3.1,76.4,138,3,
1/8/2010,509.32,90.91,-0.1,0.2,1.8,4.81,5.98,5.67,1.3,2.7,2.28,"15,126","57,160","93,615","4,525.00","98,063","11,477","24,017","55,490",86.4,87.3,"6,323","4,974",944,"25,221","7,960.80","7,289.20",8.4,93.3,93.7,95,,"5,086.50",,3.3,76.6,132.7,2.7,
1/9/2010,493.93,88.72,0.4,0.3,2.2,4.75,5.96,5.6,1.82,2.84,2.49,"15,649","57,638","95,532","4,795.40","98,155","11,530","24,137","55,676",83.8,87.7,"6,140","4,774",930,"26,446","8,042.90","7,389.50",8.1,88,89.4,87.9,,"4,778.40",,3.5,75.3,133.5,2.6,
1/10/2010,484.04,89.07,0.1,0.1,2.64,4.91,6.1,5.73,2.09,3.09,2.72,"15,449","58,105","96,875","4,912.50","99,618","11,661","24,390","56,266",88.7,87.8,"6,343","5,216","1,084","26,473","8,043.00","7,414.40",7.8,93.9,93.2,97.4,,"5,000.60",,3.8,81.9,133.2,2.5,
1/11/2010,482.32,88.91,0.1,-0.1,2.87,4.88,6.17,5.77,1.97,2.99,2.65,"15,348","58,706","98,471","4,957.00","100,408","11,841","24,600","56,523",92.6,89.1,"6,522","5,168","1,124","26,006","8,087.40","7,503.10",7.2,94.7,93.7,98.4,,"4,996.50",,3.8,84.2,123.5,2.7,
1/12/2010,474.78,87.4,0.1,0,3.12,5.1,6.11,5.77,2.13,2.91,2.66,"16,105","60,000","100,198","4,927.50","100,833","11,989","24,871","57,227",95.7,88.5,"7,761","5,327","1,182","27,864","8,160.70","7,572.30",7.2,98.5,99.8,98.7,,"5,226.20",,4.1,89.2,115.8,3.3,
1/1/2011,489.44,91.47,0.3,0.1,3.25,5.7,6.56,6.17,1.71,3.18,2.77,"16,486","60,852","102,276","4,673.10","102,197","12,115","24,955","57,474",86.8,89.3,"6,490","4,831",988,"26,977","8,227.80","7,615.50",7.4,92.8,91.5,94.7,,"5,201.80",,4.3,89.4,116.4,3.4,
1/2/2011,475.69,90.01,0.2,0.2,3.34,5.87,6.87,6.6,1.58,3.16,2.65,"16,098","60,641","103,135","4,444.60","102,730","12,220","25,092","57,564",82.7,89.3,"6,004","4,997","1,056","28,450","8,233.90","7,621.00",7.4,82.9,75.9,91.9,,"4,729.50",,4.5,89.5,113.9,3.6,
1/3/2011,479.65,91.34,0.8,0.6,3.72,5.86,6.58,6.46,1.6,2.92,2.43,"16,027","61,286","103,823","4,624.50","103,563","12,396","25,152","57,855",95.6,90.2,"7,719","6,177","1,211","31,481","8,246.40","7,623.90",7.5,97.9,91,108.9,,"5,277.70",,4.3,102.9,114.3,3.4,
1/4/2011,471.32,91.29,0.3,0.2,4.3,6.04,6.42,6.35,1.89,2.87,2.47,"16,302","62,565","105,261","4,822.50","104,573","12,565","25,347","58,444",92.1,90.9,"7,265","5,582","1,065","31,943","8,250.00","7,655.10",7.2,91.5,88.8,96.5,,"4,971.00",,4.3,110,120.2,3.4,
1/5/2011,467.73,90.52,0.4,0.3,4.8,6.01,6.28,6.22,2.33,2.89,2.61,"16,580","63,986","107,005","4,847.90","106,048","12,594","25,505","59,225",93.3,90.8,"7,408","5,979","1,095","32,770","8,269.60","7,665.50",7.3,93.7,89.8,100,,"5,229.20",,4,101.3,127.1,3.2,
1/6/2011,469.41,91.02,0.2,0,5.13,5.99,6.27,6.19,2.45,2.91,2.62,"16,707","65,132","108,757","4,795.30","106,503","12,717","25,760","59,523",90.3,90.8,"6,697","5,908","1,098","34,884","8,296.90","7,698.50",7.2,91,88.3,95.9,,"5,072.90",,4.1,96.3,136,3,
1/7/2011,462.94,90.32,0.1,0.1,5.25,5.99,6.18,6.1,2.69,2.91,2.73,"16,299","65,635","109,988","4,426.00","107,145","12,850","25,958","59,646",86.2,90.8,"6,387","6,108","1,122","34,481","8,285.20","7,659.40",7.6,86.2,78.4,96.3,,"5,156.70",,4.4,97.3,129.1,3,
1/8/2011,466.79,90.94,0.2,0.1,5.25,5.41,5.57,5.49,2.64,2.62,2.57,"16,532","67,225","112,058","4,288.40","108,266","13,045","26,131","60,095",90.1,91.3,"6,348","6,464","1,215","36,366","8,308.50","7,684.20",7.5,92.8,88.8,99.4,,"5,273.40",,4.1,86.3,147.3,2.3,
1/9/2011,483.69,92.15,0.5,0.2,5.25,4.88,5.05,4.93,2.11,2.24,2,"16,812","68,816","114,896","3,888.60","110,773","13,101","26,206","61,324",87.5,91.4,"6,541","6,357","1,285","37,840","8,323.20","7,688.40",7.6,92.4,91.1,96.4,,"4,981.50",,3.8,85.6,172.5,2,
1/10/2011,511.74,95.94,0.5,0.2,5.25,4.7,5.1,4.83,2.08,2.35,2.04,"16,918","70,040","117,611","4,327.30","110,941","13,187","26,323","61,880",92.7,92.2,"6,680","5,771","1,240","38,680","8,322.00","7,703.10",7.4,96.6,96.4,99.1,,"5,258.50",,3.3,86.4,167.7,2.1,
1/11/2011,508.44,95,0.3,0.1,5.25,5,5.46,5.21,2.48,2.72,2.5,"16,806","70,916","119,077","4,161.30","112,627","13,454","26,566","62,695",96.1,92.4,"6,751","6,437","1,531","38,793","8,327.40","7,716.90",7.3,97.5,94.9,103.1,,"5,262.40",,3.4,97.1,158.4,2,
1/12/2011,517.17,95.03,0.6,0.3,5.25,4.94,5.29,5.04,2.56,2.6,2.47,"18,009","73,142","121,196","4,177.50","112,910","13,514","26,767","63,332",101.6,94.1,"7,148","6,053","1,446","41,979","8,356.40","7,786.90",6.8,103.8,105.2,103.9,,"5,595.00",,3.4,98.6,160.7,2,
1/1/2012,501.34,92.85,0.1,0.4,5.1,4.8,5.07,4.93,2.15,2.38,2.19,"18,188","73,854","123,068","4,260.80","113,149","13,626","26,996","63,910",91.1,93.8,"6,466","5,607",994,"39,210","8,391.70","7,816.60",6.9,93.9,90,97.7,,"5,580.20",,3.6,100.3,164.2,1.9,
1/2/2012,481.49,90.14,0.4,0.3,5,5.07,5.29,5.14,2.07,2.36,2.17,"17,736","73,384","123,238","4,535.60","113,597","13,690","27,114","64,088",88,94.5,"6,331","5,529","1,010","39,325","8,424.00","7,874.10",6.5,90.2,84.5,96.6,,"5,289.10",,3.8,102.2,158,2,
1/3/2012,485.4,90.73,0.2,0.5,5,5.49,5.79,5.61,2.11,2.57,2.35,"17,863","74,095","124,413","4,671.30","115,455","13,848","27,350","65,174",99.7,95.2,"7,067","6,047","1,171","39,551","8,416.90","7,844.80",6.8,100.1,92.6,110.5,,"5,671.20",,3.8,106.2,150.3,2.2,
1/4/2012,486,90.6,0.1,0.3,5,5.53,5.82,5.71,2.41,2.58,2.45,"18,270","75,792","126,462","4,585.80","116,720","13,965","27,571","65,832",97,95.8,"6,568","5,730","1,067","38,770","8,420.00","7,850.50",6.8,95.3,92.1,100.7,,"5,206.60",,3.7,103.3,159.1,2,
1/5/2012,497.09,91.3,0,0,5,5.24,5.51,5.43,2.42,2.44,2.32,"18,739","77,722","128,497","4,318.20","119,474","14,040","27,777","67,249",98.1,95.8,"6,420","6,580","1,226","38,302","8,423.00","7,838.30",6.9,97.6,93.8,103.9,,"5,478.00",,3.6,94.7,167.5,1.8,
1/6/2012,505.63,91.81,-0.3,0.1,5,5.04,5.35,5.23,2.52,2.46,2.37,"18,430","79,079","129,315","4,400.10","120,694","14,176","28,100","68,296",95.8,96.2,"6,763","5,745","1,217","40,344","8,388.40","7,819.50",6.8,94.4,92.7,97.6,,"5,443.90",,3.4,82.4,176.7,1.6,
1/7/2012,491.93,89.65,0,0.1,5,5,5.21,5.15,2.8,2.5,2.44,"18,340","79,813","129,534","4,227.60","120,673","14,290","28,211","68,286",91.7,96.7,"5,934","6,277","1,475","38,446","8,367.10","7,809.50",6.7,91.2,86.6,97.2,,"5,483.40",,3.4,87.9,168.2,1.5,
1/8/2012,480.99,88.43,0.2,0.1,5,5.2,5.32,5.29,2.51,2.42,2.31,"17,808","79,416","129,232","4,155.70","121,156","14,456","28,347","68,173",96,96.8,"5,780","7,107","1,935","38,419","8,356.30","7,809.90",6.5,98.2,94.9,104.1,,"5,610.30",,3.4,94.1,142,1.7,
1/9/2012,474.97,87.83,0.8,0.4,5,5.23,5.35,5.33,2.35,2.34,2.3,"18,639","80,533","130,293","4,230.40","120,969","14,436","28,334","68,306",90.9,96.2,"5,693","6,091","1,456","40,107","8,428.30","7,874.10",6.6,92.5,94.8,90.7,,"5,176.90",,3.7,94.5,137.1,1.7,
1/10/2012,475.36,87.48,0.6,0.2,5,5.26,5.41,5.37,2.47,2.38,2.34,"18,313","80,694","130,622","4,266.40","121,534","14,509","28,520","68,732",98.8,96.7,"7,368","7,866","2,173","38,943","8,455.50","7,889.40",6.7,101.4,98.1,107.9,,"5,562.80",,3.7,89.5,127,1.7,
1/11/2012,480.57,88.33,-0.5,0.1,5,5.41,5.48,5.45,2.72,2.48,2.48,"18,272","80,838","131,432","4,140.00","123,868","14,746","29,038","70,245",101.2,97.4,"6,546","6,222","1,642","39,719","8,462.80","7,924.60",6.4,100.2,98.5,104.4,,"5,442.20",,3.5,86.7,136.3,1.6,
1/12/2012,477.13,88.16,0,0.2,5,5.48,5.51,5.51,2.92,2.54,2.6,"19,598","81,917","132,073","4,301.40","125,033","14,855","29,262","71,217",105.1,97.6,"7,127","6,653","1,802","41,649","8,480.10","7,952.30",6.2,102.1,103.4,101.2,,"5,666.10",,3.6,88.2,122.4,1.7,
1/1/2013,472.67,87.58,0.2,0.3,5,5.57,5.62,5.61,2.83,2.65,2.69,"20,114","82,613","133,382","4,552.40","124,891","14,945","29,387","71,009",95.6,98.4,"6,822","6,643","1,513","39,954","8,520.00","7,998.60",6.1,99.9,97.2,103,,"5,821.70",,3.7,94.7,114.8,1.9,
1/2/2013,472.34,87.71,0.1,0.1,5,5.54,5.67,5.64,2.59,2.66,2.69,"19,636","82,644","134,035","4,558.50","125,668","15,001","29,602","71,417",90.5,98,"5,576","5,786","1,295","39,330","8,535.70","7,993.30",6.4,92.5,86.9,99.2,,"5,324.50",,3.7,95.3,133.3,2,
1/3/2013,472.48,86.59,0.4,0.6,5,5.47,5.6,5.56,2.59,2.57,2.59,"19,926","83,773","135,477","4,432.10","126,462","15,127","29,773","71,732",102.7,98.7,"6,189","5,696","1,303","39,832","8,539.40","7,990.70",6.4,102.8,98.9,108.4,,"5,804.80",,3.5,92.9,144.6,1.9,
1/4/2013,472.14,86.78,-0.5,0.2,5,5.26,5.28,5.28,2.76,2.43,2.47,"19,992","84,623","137,220","4,292.10","127,927","15,350","30,207","72,213",101.7,99.3,"6,773","6,397","1,544","41,227","8,580.10","8,019.10",6.5,96.8,91.4,104.5,,"5,448.20",,3.3,92,144.3,1.7,
1/5/2013,479.58,87.8,0,0,5,5.04,5.17,5.14,2.74,2.38,2.4,"20,371","86,027","139,747","4,191.30","129,912","15,407","30,347","73,157",101.7,99.5,"7,021","6,687","1,543","40,148","8,579.50","8,018.30",6.5,97.8,96.7,99.5,,"5,689.20",,3.3,94.8,137.3,1.9,
1/6/2013,502.89,91.32,0.6,0,5,4.9,5.28,5.2,2.28,2.34,2.26,"20,774","87,505","141,584","4,029.70","130,177","15,395","30,359","73,333",99.8,100.9,"6,349","5,771","1,309","41,003","8,538.80","8,004.20",6.3,96.7,98.2,95,,"5,659.50",,3.2,95.8,177.1,2.3,
1/7/2013,504.96,90.93,0.3,0.1,5,4.89,5.29,5.18,2.14,2.28,2.23,"20,849","88,055","142,798","3,732.50","130,886","15,453","30,597","73,449",96.4,101,"6,429","6,562","1,706","40,083","8,486.10","7,986.80",5.9,100.1,99,102.1,,"5,863.30",,3.1,104.7,169.2,2.6,
1/8/2013,512.59,92.43,0.2,0.2,5,4.89,5.27,5.14,2.1,2.27,2.2,"20,445","88,418","144,674","3,628.70","131,765","15,598","30,827","74,090",99.3,100.7,"6,421","6,727","1,536","40,679","8,506.10","8,008.60",5.8,101,100.7,102.5,,"5,819.20",,3.3,106.6,171.2,2.7,
1/9/2013,504.57,90.92,0.5,0.5,5,5.01,5.27,5.16,2.11,2.28,2.21,"21,104","89,286","146,271","3,823.90","131,278","15,588","30,953","74,104",95.1,100.6,"5,841","5,824","1,296","42,303","8,509.50","8,010.80",5.9,95.4,99.9,90.2,,"5,406.80",,3.2,106.3,173,2.8,
1/10/2013,500.81,90.93,0.1,0.4,4.9,4.79,5.16,4.96,2.22,2.25,2.22,"20,401","88,576","145,673","3,912.40","132,000","15,754","31,268","74,468",102.7,100.9,"6,987","6,695","1,387","40,817","8,537.80","8,029.60",6,104.1,104.9,104.8,,"5,775.80",,3.3,100.5,162.3,2.6,
1/11/2013,519.25,92.96,0.4,0.1,4.65,4.49,4.96,4.64,2.11,2.13,2.02,"20,803","89,381","146,668","3,789.10","133,918","15,903","31,424","75,804",105.8,101.5,"6,068","6,032","1,326","39,903","8,569.70","8,067.10",5.9,104.1,106.1,103.5,,"5,602.90",,3.2,93.9,163.8,2.7,
1/12/2013,529.45,94.26,0.6,0.3,4.5,4.59,5.14,4.85,1.9,2.14,2.03,"22,112","91,030","147,441","3,699.20","133,619","15,920","31,629","75,934",108.7,100.4,"6,295","5,934","1,211","41,094","8,649.50","8,149.40",5.8,105,107.9,101.8,,"5,904.00",,3.3,97.9,158.9,2.9,
1/1/2014,537.03,95.32,0.2,0.3,4.5,4.44,5.06,4.75,1.79,2.09,1.92,"22,354","92,053","148,011","3,439.40","135,102","16,078","32,016","76,532",97.7,100.6,"5,491","6,082","1,173","40,002","8,714.00","8,171.00",6.2,98.5,95.2,100.5,103.7,"5,861.00",94,3.3,94.9,155.2,2.8,
1/2/2014,554.41,98.09,0.5,0.3,4.4,4.33,5,4.83,1.64,2.04,1.83,"22,108","92,453","150,431","3,718.90","135,075","16,081","32,207","76,309",93.6,101.4,"6,189","5,398","1,083","39,977","8,743.70","8,202.90",6.2,93.9,91.6,95.4,97.4,"5,339.80",91.2,3.2,100.7,159.3,2.7,
1/3/2014,563.84,99.29,0.8,1.1,4.11,4.15,5.02,4.86,1.26,1.99,1.71,"22,174","92,478","151,211","3,772.80","133,721","16,087","32,358","75,175",105.8,101.2,"7,292","5,651","1,282","40,970","8,722.90","8,156.20",6.5,103.1,98.7,107,104.9,"5,937.40",101.4,3,100.6,149.1,2.7,
1/4/2014,554.64,97.64,0.6,0.8,4,3.92,4.91,4.72,1.22,1.89,1.68,"22,599","92,485","151,795","3,909.60","134,069","16,130","32,641","74,858",103.1,101.4,"6,670","5,832","1,167","40,283","8,716.90","8,181.30",6.1,100,96.3,103.9,99.2,"5,592.90",95.3,3,102.1,138,2.7,
1/5/2014,555.4,97.62,0.3,0.4,4,3.98,4.96,4.73,1.15,1.9,1.61,"22,915","92,409","153,728","3,903.80","134,411","16,107","32,960","75,033",103.7,102,"6,906","5,441","1,131","40,904","8,706.60","8,156.00",6.3,102.6,104.4,101.2,101.1,"5,863.00",99.8,3.1,101.9,135.7,2.6,
1/6/2014,553.06,96.93,0.1,0.2,4,3.89,4.86,4.55,1.36,1.83,1.67,"23,133","92,654","154,917","3,875.70","134,879","16,134","33,326","75,458",100.8,101.4,"6,125","5,683","1,295","41,088","8,686.60","8,120.40",6.5,99.2,101.5,96.8,99.9,"5,877.20",94.6,3.1,105.2,122.3,2.6,
1/7/2014,558.21,97.85,0.2,0.1,3.88,3.64,4.66,4.29,1.41,1.77,1.57,"22,930","93,412","155,669","3,875.40","135,628","16,201","33,534","75,606",96.8,101.4,"6,258","6,083","1,205","40,369","8,655.80","8,085.00",6.6,98.7,98.1,98.8,101.3,"5,990.40",96.5,3.2,102.9,124.4,2.5,
1/8/2014,579.05,100.52,0.3,0.2,3.63,3.28,4.34,3.99,0.96,1.4,1.26,"22,620","93,790","157,130","3,996.60","136,669","16,278","33,795","76,353",99.5,101.3,"5,858","5,643","1,167","40,297","8,633.90","8,044.50",6.8,97.9,98.5,97.1,98.6,"5,934.00",100,3.2,96.4,129.7,2.4,
1/9/2014,593.47,101.05,0.8,0.6,3.36,3.07,4.59,4.28,0.54,1.55,1.25,"23,250","94,376","158,580","3,943.60","136,499","16,224","33,932","76,170",97.4,101.9,"5,776","5,441","1,090","40,087","8,675.20","8,088.70",6.8,96,99.8,92.6,94.1,"5,638.10",94.7,3.1,93.2,126.2,2.5,
1/10/2014,589.98,97.9,1,0.6,3.14,3.34,4.63,4.2,0.86,1.59,1.32,"22,821","94,671","158,496","3,851.00","135,708","16,187","34,118","75,728",104.6,102.8,"6,073","5,774","1,069","39,814","8,709.60","8,137.90",6.6,104.1,104.9,104.4,99,"5,967.40",99.9,3.1,84.4,149.8,2.3,
1/11/2014,592.46,96.78,0,0.2,3,3.21,4.44,4.05,1.29,1.54,1.36,"23,962","97,304","160,754","3,991.80","138,821","16,347","34,710","77,695",106.9,102.6,"5,588","5,337","1,351","39,911","8,751.60","8,207.70",6.2,100.3,101.1,99.9,98.8,"5,834.30",99.3,3,75.8,150.6,2.3,
1/12/2014,612.92,98.6,-0.4,0.1,3,3.04,4.36,3.91,1.67,1.5,1.37,"25,491","99,721","163,860","3,851.00","140,129","16,492","35,284","78,498",111.3,102.6,"6,838","6,233","1,581","40,447","8,795.40","8,249.60",6.2,105.7,109.8,102.4,102.1,"6,071.50",133.4,2.9,59.3,171.9,2.2,
1/1/2015,620.91,97.98,0.1,0.5,3,3.01,4.18,3.77,1.34,1.4,1.29,"25,415","99,951","164,579","3,836.70","141,310","16,557","35,437","78,682",100.3,103.3,"5,980","5,041",970,"39,957","8,807.60","8,259.20",6.2,101.4,103.1,98.7,106,"6,160.90",97.4,2.6,47.3,186.3,1.9,
1/2/2015,623.62,97.12,0.4,0.4,3,3.26,4.2,3.88,0.66,1.24,1.03,"25,336","99,650","165,632","3,983.70","140,271","16,559","35,535","78,023",95.5,102.9,"5,122","4,501","1,013","38,032","8,810.70","8,263.10",6.2,94.2,91.6,95.5,99.4,"5,568.40",93.4,2.6,50.6,168.3,2,
1/3/2015,628.5,95.69,0.6,1,3,3.56,4.34,4.08,0.43,1.23,0.91,"25,086","99,452","165,547","3,916.90","139,937","16,569","35,745","77,503",108.1,102.6,"6,002","5,135","1,045","38,427","8,779.00","8,232.20",6.2,103.5,97.7,108.4,107.5,"6,050.00",103,2.7,47.8,156.1,2,
1/4/2015,614.73,93.48,0.6,0.7,3,3.65,4.49,4.22,0.65,1.36,1.06,"25,477","100,668","166,719","4,043.50","139,853","16,583","36,074","77,147",106,104.3,"5,801","4,746","1,136","38,819","8,788.90","8,230.30",6.4,100,96,103.5,101.4,"5,703.00",98.9,2.7,54.4,152.6,1.9,
1/5/2015,607.6,92.96,0.2,0.3,3,3.66,4.56,4.24,0.8,1.54,1.19,"25,957","101,525","169,444","4,045.60","141,527","16,384","36,516","78,264",105.3,104,"4,988","4,271",861,"38,723","8,806.40","8,211.80",6.8,101.5,102.1,100.3,104,"5,946.90",101.8,2.9,59.3,143.1,2.2,
1/6/2015,629.99,95.61,0.5,0.2,3,3.45,4.65,4.21,0.71,1.64,1.2,"26,465","102,449","170,841","3,897.10","141,588","16,348","36,758","78,151",103.6,104.7,"5,298","4,733",962,"38,179","8,802.80","8,215.60",6.7,101.4,104.2,98.3,103.5,"6,014.10",98,2.6,59.8,150.8,2.4,
1/7/2015,650.14,97.33,0.4,0.3,3,3.37,4.55,4.05,0.49,1.51,0.98,"26,303","104,123","174,575","3,870.40","142,961","16,443","37,039","78,745",99.2,104.1,"4,939","5,325","1,145","38,181","8,810.40","8,220.80",6.7,99.2,95.7,101.1,105.4,"6,166.50",98.6,2.5,50.9,167.8,2.3,
1/8/2015,688.12,100.34,0.7,0.4,3,3.58,4.51,4.06,0.32,1.44,0.88,"26,207","105,739","177,911","3,840.20","143,400","16,432","37,212","78,803",101.3,103.1,"4,655","5,024","1,170","38,403","8,829.10","8,250.10",6.6,95.2,92.8,95.9,102.1,"6,071.30",101,2.3,42.9,194.2,2.2,
1/9/2015,691.73,99.3,0.5,0.4,3,3.9,4.61,4.2,0.49,1.55,1.08,"26,479","106,621","179,231","3,685.20","144,668","16,463","37,581","79,930",100.1,104.6,"4,641","5,041","1,285","38,245","8,883.40","8,302.00",6.5,99.1,101.3,97,98.5,"5,794.50",97.8,2.4,45.5,216,2.2,
1/10/2015,685.31,98.3,0.4,0.5,3.13,3.87,4.47,4.18,0.83,1.46,1.17,"26,227","107,498","181,191","3,828.00","145,017","16,541","37,947","80,121",106.2,105.1,"4,703","5,144","1,205","38,593","8,884.70","8,312.10",6.4,104.2,105,104.1,102,"6,096.20",100.7,2.4,46.2,221.3,2.1,
1/11/2015,704,99.88,0,0.1,3.25,3.99,4.57,4.32,1.12,1.57,1.3,"26,673","108,937","183,273","3,655.30","146,971","16,724","38,469","81,244",109.7,104.7,"4,800","4,540","1,043","38,459","8,909.40","8,359.30",6.2,101,99.9,102.7,97.6,"5,923.90",104,2.2,42.7,220.6,2.3,
1/12/2015,704.24,98.44,0,0.1,3.35,4.14,4.63,4.4,1.15,1.59,1.36,"28,210","110,721","183,844","3,680.20","148,148","16,906","38,901","82,035",114.2,104.9,"5,105","5,107","1,494","38,643","8,954.10","8,428.50",5.9,104.9,106.9,103.4,103,"6,209.60",134.8,2.1,37.2,250,2.2,
1/1/2016,721.95,98.53,0.5,0.3,3.5,4.13,4.56,4.31,0.93,1.55,1.23,"28,819","111,897","184,220","3,705.90","148,223","16,932","38,981","81,949",101.7,105.1,"5,099","4,258","1,113","38,459","8,983.70","8,452.10",5.9,97,94.6,96.9,107.2,"6,182.40",100.1,2,31.5,272.7,2.1,
1/2/2016,704.08,96.52,0.3,0.4,3.5,4,4.45,4.22,0.81,1.4,1.09,"28,336","111,882","185,252","3,715.80","148,329","16,977","39,206","81,775",99.8,105.8,"4,802","4,024","1,002","38,255","8,958.80","8,417.10",6,96.9,92.6,99.4,104.1,"5,976.80",99.7,2.1,30.4,278.8,1.8,
1/3/2016,682.07,94.58,0.4,0.8,3.5,3.91,4.44,4.21,0.86,1.4,1.12,"27,532","112,151","184,955","3,937.50","147,573","17,069","39,430","80,977",111.3,105.7,"5,170","4,734","1,209","39,553","8,940.90","8,360.60",6.5,107.1,100.7,112.5,111.3,"6,420.20",104.6,2.2,37.8,216.6,1.9,
1/4/2016,669.93,94.4,0.3,0.6,3.5,3.82,4.39,4.13,0.96,1.39,1.13,"27,592","113,009","185,632","4,002.10","147,871","17,144","39,619","81,142",106.7,105.2,"5,062","4,305","1,167","39,868","8,968.60","8,376.20",6.6,97.7,90.6,103.3,103.8,"5,879.10",103.6,2.2,41,200.5,1.8,
1/5/2016,681.87,96.13,0.2,0.1,3.5,3.83,4.5,4.18,0.91,1.49,1.18,"27,588","113,225","188,428","3,934.70","149,457","17,144","39,848","81,906",107.4,105.1,"5,101","4,565","1,099","39,848","8,981.50","8,350.30",7,101.2,100.5,100.8,106.5,"6,211.90",103.9,2.1,46.7,201.3,1.8,
1/6/2016,681.07,96.21,0.4,0.1,3.5,3.87,4.55,4.16,0.86,1.53,1.15,"27,788","114,031","190,518","3,995.90","148,793","17,141","39,953","81,703",104.9,106,"4,647","4,309",932,"39,694","8,966.70","8,337.40",7,97.1,95.4,96.6,107,"6,189.80",99.1,2.1,48.8,206.1,1.6,
1/7/2016,657.57,92.38,0.2,0.3,3.5,3.77,4.41,4.07,0.96,1.42,1.1,"27,285","114,034","192,538","4,117.50","149,733","17,210","40,135","82,300",99.9,105.5,"4,600","4,697","1,057","39,427","8,989.50","8,336.20",7.3,96.6,95.2,95,109,"6,241.10",102.2,2.2,44.7,177.4,1.5,
1/8/2016,658.89,93.21,0,0.2,3.5,3.65,4.29,3.98,0.99,1.32,1.06,"26,968","114,207","194,699","4,119.30","150,767","17,347","40,406","82,815",104.5,105.8,"4,977","5,272","1,201","39,077","8,967.20","8,333.20",7.1,99.1,95.8,100.9,105.4,"6,154.20",101.3,2.2,44.8,164.1,1.6,
1/9/2016,668.63,94.29,0.2,0,3.5,3.64,4.22,3.94,0.83,1.25,1.01,"27,245","115,686","196,499","4,015.30","150,189","17,402","40,527","82,263",101.5,106,"4,939","4,746",979,"39,437","9,012.00","8,378.40",7,97.6,97,98,98.6,"5,847.40",102.6,2.1,45.2,176,1.6,
1/10/2016,663.92,93.11,0.2,0.1,3.5,3.54,4.2,3.84,0.96,1.26,0.99,"27,120","116,817","197,591","4,289.80","150,016","17,487","40,655","82,375",106.3,106.1,"4,791","4,756","1,019","39,528","8,994.60","8,393.70",6.7,98.5,97.3,98.9,101.6,"5,948.40",103.2,2.1,49.9,172.6,1.8,
1/11/2016,666.12,91.64,0.1,0.2,3.5,3.72,4.48,4.13,1.54,1.58,1.42,"27,871","117,400","198,131","4,207.20","151,785","17,679","40,979","83,290",111.6,106.4,"5,248","4,867","1,194","39,430","9,046.40","8,467.10",6.4,102.2,100.4,103.3,105.6,"6,003.60",107.2,2.5,45.6,178.9,2.2,
1/12/2016,667.17,91.42,-0.2,0,3.5,3.52,4.37,3.93,1.14,1.47,1.17,"29,370","118,849","198,869","4,151.40","152,395","17,807","41,504","83,785",115.1,105.6,"6,282","5,321","1,328","40,494","9,062.60","8,500.70",6.2,104.3,103.4,104.3,108.3,"6,309.10",140.1,2.6,52,162,2.5,
1/1/2017,661.19,91.65,0.5,0.4,3.5,3.32,4.17,3.77,0.82,1.29,0.95,"29,514","117,146","199,556","4,199.50","151,305","17,805","41,448","82,889",102.7,105.8,"5,554","4,911","1,178","39,883","9,115.10","8,534.60",6.4,96.3,91.6,97.5,111.5,"6,386.90",104.4,2.6,52.5,150.1,2.4,
1/2/2017,643.21,90.13,0.2,0.3,3.25,3.31,4.15,3.74,0.49,1.23,0.84,"29,084","116,068","200,549","4,359.90","151,653","17,830","41,684","82,906",97.9,105.1,"4,627","4,468",928,"39,710","9,102.00","8,485.70",6.8,87.9,78.1,94.2,102.7,"5,709.90",100.1,2.7,53.4,131.7,2.4,
1/3/2017,661.2,92.39,0.4,0.5,3.13,3.19,4.2,3.72,0.48,1.26,0.83,"29,067","117,730","201,861","4,783.40","152,138","17,933","41,984","82,790",111.1,104.5,"5,495","5,253","1,130","39,022","9,127.00","8,484.40",7,97.3,78.8,112.6,110.1,"6,143.80",113,2.6,49.6,132.4,2.5,
1/4/2017,655.74,91.96,0.2,0.5,2.88,2.94,3.9,3.52,0.38,1.1,0.72,"29,864","117,830","203,604","4,795.10","153,411","17,946","42,204","83,618",105.9,105.9,"5,044","4,501","1,028","38,962","9,147.40","8,499.90",7.1,92.8,87.8,95.3,103,"5,797.10",103.9,2.6,51.1,136.5,2.3,
1/5/2017,671.54,94.1,0.1,0.1,2.65,2.87,4.03,3.67,0.46,1.2,0.89,"30,136","118,790","203,904","4,855.80","152,736","17,916","42,565","82,724",108.6,106.4,"5,771","4,829","1,012","38,850","9,210.00","8,535.20",7.3,100.1,94.3,103.6,109.8,"6,286.30",110.7,2.5,48.5,132.8,2.3,
1/6/2017,665.15,93.92,-0.4,0,2.5,2.79,4.01,3.66,0.57,1.25,0.96,"30,512","119,496","206,007","4,747.20","153,672","18,026","43,108","83,357",105.7,106.9,"5,566","5,304","1,191","38,915","9,196.60","8,524.10",7.3,95.6,92.6,95.4,108.7,"6,212.90",103.9,2.6,45.2,131.6,2.2,
1/7/2017,658.17,93.12,0.2,0.1,2.5,2.74,4.22,3.66,0.77,1.47,1.15,"30,058","120,052","207,303","5,064.60","153,235","18,001","43,173","83,012",102,107.8,"5,453","5,006","1,093","38,411","9,201.40","8,537.40",7.2,98.9,98.3,96.8,110.2,"6,401.10",106.8,2.7,46.7,131.1,2.3,
1/8/2017,644.24,92.25,0.2,0,2.5,3.11,4.33,3.62,0.54,1.47,0.98,"29,825","119,529","206,230","5,153.20","153,129","18,109","43,388","83,003",106.7,108.2,"6,231","5,550","1,220","38,943","9,209.70","8,573.50",6.9,103.1,103.2,101.4,110.1,"6,439.10",108,2.9,48,124.4,2.2,
1/9/2017,625.54,90.83,-0.2,0,2.5,3.16,4.32,3.68,0.67,1.47,1.03,"30,160","121,791","208,244","5,341.90","154,520","18,202","43,880","83,924",103,108.5,"5,875","5,036","1,100","37,738","9,260.90","8,613.10",7,98.3,101.6,94.4,101.3,"5,989.80",107,3,49.8,127.2,2.2,
1/10/2017,629.55,90.17,0.6,0.3,2.5,3.29,4.49,3.81,1.27,1.78,1.4,"30,377","121,848","208,627","5,588.10","154,000","18,179","43,879","83,473",109.5,109,"6,056","5,424","1,154","39,269","9,270.20","8,622.70",7,102.8,106.8,98.8,102.9,"6,194.40",107.5,3.1,51.6,122.2,2.4,
1/11/2017,633.77,90.86,0.1,-0.1,2.5,3.47,4.51,3.88,0.99,1.78,1.26,"30,663","122,641","208,835","5,003.40","155,845","18,356","44,317","84,506",114.9,109.5,"6,127","5,533","1,266","37,912","9,338.70","8,712.70",6.7,104.4,103.1,106.3,101.9,"6,168.50",113.8,3.1,56.7,125.1,2.4,
1/12/2017,636.92,91.78,0.1,0,2.5,3.51,4.62,4.02,1.14,1.91,1.48,"32,321","124,343","208,351","5,564.60","156,025","18,394","44,683","84,692",117.8,108.9,"7,024","5,657","1,277","38,983","9,379.50","8,768.70",6.5,104.4,106.5,101.7,107.4,"6,535.60",147.6,3.1,57.9,117.5,2.4,
1/1/2018,605.53,88.47,0.5,0.3,2.5,3.31,4.52,3.93,0.82,1.84,1.31,"32,509","125,157","208,348","5,855.40","155,219","18,460","44,752","83,871",106.9,109.9,"6,620","5,486","1,198","38,708","9,438.10","8,793.90",6.8,99.9,96.3,100.6,112.3,"6,570.40",110,3.2,63.7,110.4,2.6,
1/2/2018,596.84,88.24,0,0,2.5,3.32,4.55,3.97,0.64,1.79,1.17,"32,286","124,533","208,414","5,602.80","155,549","18,500","45,068","83,995",102.5,110.3,"6,275","5,077",998,"38,392","9,449.50","8,787.10",7,96.4,93,97.7,105.2,"6,028.80",104.2,3.2,62.2,116.9,2.9,
1/3/2018,603.45,88.86,0.2,0.6,2.5,3.35,4.49,4.02,0.72,1.75,1.21,"32,554","126,449","209,556","5,542.20","157,349","18,623","45,255","85,403",116.2,110.6,"6,482","5,867","1,273","38,104","9,456.60","8,759.10",7.4,106.2,101.2,109.8,112.3,"6,545.10",118.1,3.1,62.8,123,2.8,
1/4/2018,600.55,88.42,0.3,0.4,2.5,3.28,4.42,3.9,0.77,1.66,1.21,"32,836","129,127","214,178","5,710.90","158,026","18,667","45,374","85,675",112.7,111.5,"6,257","5,484","1,141","37,337","9,441.40","8,781.10",7,99.5,91.3,106.1,105.8,"6,130.60",111.2,3.1,66.3,124,2.9,
1/5/2018,626.12,90.24,0.3,0.2,2.5,3.36,4.5,4,0.55,1.63,1.2,"33,413","130,471","215,569","5,455.10","160,109","18,701","45,569","86,801",113.3,111.6,"6,466","6,071","1,374","37,281","9,465.30","8,766.70",7.4,103.4,99.4,105.5,111,"6,500.20",114.2,3.1,70,135.5,3,
1/6/2018,636.15,90.47,0.1,0.1,2.5,3.41,4.58,4.08,0.32,1.6,1.1,"33,827","132,125","218,350","5,301.30","161,585","18,758","45,899","87,566",110.1,111.4,"6,201","5,976","1,145","36,987","9,466.90","8,755.50",7.5,100.6,95.1,103.4,112,"6,545.20",111.1,3.2,67.5,142.2,2.9,
1/7/2018,652.41,91.46,0.4,0.2,2.5,3.37,4.56,4.12,0.33,1.57,1.06,"33,632","132,057","220,546","5,434.40","161,447","18,793","46,001","87,441",105.1,111.4,"5,972","5,758","1,273","37,576","9,451.00","8,708.70",7.9,99.9,100.4,96.5,112.4,"6,684.90",106.9,2.8,70.8,136.9,2.9,
1/8/2018,656.25,91.11,0.2,0.2,2.5,3.43,4.48,4.07,0.65,1.53,0.95,"33,193","132,278","221,998","5,270.40","163,624","18,965","46,324","88,740",109.3,110.5,"6,166","6,542","1,352","36,781","9,435.50","8,707.20",7.7,102.8,98.3,105.8,108.8,"6,540.60",113.5,2.7,68,139.4,2.9,
1/9/2018,680.91,93.49,0.3,0,2.5,3.67,4.5,4.11,0.76,1.53,1,"34,100","133,856","225,099","5,283.50","163,435","18,980","46,500","88,867",104.8,111,"5,443","5,546","1,288","37,134","9,414.20","8,710.90",7.5,96,100.8,90.1,100.3,"6,058.80",108.6,2.7,70.2,133.2,3,
1/10/2018,676.84,93.12,0.4,0.2,2.6,3.89,4.57,4.26,0.98,1.58,1.2,"33,692","132,871","225,011","5,104.30","164,677","19,148","46,729","89,203",113.4,111.9,"6,466","6,874","1,589","37,457","9,476.20","8,773.80",7.4,104.4,100.5,108.4,103.5,"6,356.20",116.1,2.8,70.8,129.3,3.2,
1/11/2018,677.61,92.38,0,0.1,2.75,3.84,4.46,4.23,1.08,1.58,1.31,"33,923","135,557","228,395","5,111.90","165,938","19,389","47,196","90,076",118.1,113.1,"5,899","5,520","1,301","39,564","9,525.40","8,829.00",7.3,106.5,110.1,103.9,102.8,"6,280.00",112.7,2.8,56.7,146.3,3.1,
1/12/2018,681.99,92.73,-0.1,-0.1,2.75,3.68,4.34,4.1,1.15,1.57,1.31,"35,453","137,665","231,168","5,105.40","167,477","19,506","47,671","90,821",121.2,111.5,"6,461","6,295","1,378","39,861","9,600.30","8,914.20",7.1,107.9,111.2,104.4,108.5,"6,492.10",150.2,2.8,49,159.5,2.8,
1/1/2019,677.06,93.13,0.1,0.5,2.76,3.62,4.49,4.22,1.03,1.63,1.16,"35,513","136,530","230,880","5,405.60","166,919","19,637","47,927","90,211",108.6,112.1,"6,714","5,650","1,352","38,909","9,613.30","8,928.00",7.1,99.4,91.5,104,113.3,"6,542.30",109.8,2.7,51.5,148.4,2.7,
1/2/2019,656.3,90.99,0,0.1,3,3.53,4.39,4.13,0.93,1.52,1.11,"34,946","135,415","231,159","5,287.50","167,581","19,680","48,131","90,593",103,111.2,"5,448","5,274","1,044","38,714","9,581.60","8,907.60",7,92.6,83.2,98.6,106.3,"5,982.20",104.6,2.8,55,135.6,2.7,
1/3/2019,667.68,92.07,0.5,0.6,3,3.5,4.26,4.05,0.84,1.42,1.03,"35,242","136,519","232,795","5,259.40","168,288","19,720","48,206","90,886",117.6,112.2,"6,080","5,524","1,161","38,710","9,571.70","8,879.10",7.2,104.6,95.3,111.6,113.5,"6,625.80",119.6,2.9,58.2,132.8,2.6,
1/4/2019,667.4,91.85,0.3,0.3,3,3.3,4.12,3.91,0.52,1.23,0.79,"36,000","138,699","236,572","5,187.10","168,971","19,822","48,476","91,130",114.3,113.4,"5,698","5,347","1,294","37,902","9,597.10","8,916.00",7.1,100.1,93.2,104.7,109,"6,190.80",110.9,2.9,63.9,127.8,2.5,
1/5/2019,692,93.65,0.6,0.1,3,3.2,4.04,3.76,0.39,1.15,0.65,"36,562","139,995","239,423","4,977.10","170,160","19,769","48,670","91,737",115.5,113.9,"6,128","6,013","1,282","38,259","9,621.10","8,925.30",7.2,103.6,98,107.9,109.4,"6,578.20",118.5,2.7,60.8,132.1,2.4,
1/6/2019,692.41,94.03,0,0.1,2.63,2.61,3.48,3.2,0.06,0.71,0.49,"36,833","140,230","242,550","5,070.70","170,203","19,748","49,198","91,642",111.2,113.2,"5,192","4,935","1,124","39,516","9,620.50","8,922.60",7.3,97.3,94.5,97.8,107.2,"6,448.10",110.3,2.7,54.7,137.1,2.1,
1/7/2019,686.06,93.71,0.2,0.2,2.5,2.35,3.16,2.95,-0.02,0.53,0.33,"36,953","140,506","244,000","4,972.40","170,729","19,796","49,597","91,631",108.3,113.4,"5,613","5,820","1,318","39,083","9,638.10","8,910.60",7.5,101.3,97.7,102.6,111.6,"6,796.50",109.2,2.7,57.5,129.5,2.1,
1/8/2019,713.7,94.87,0.2,0.1,2.5,1.97,2.7,2.51,-0.52,0,-0.16,"37,029","142,355","246,879","4,804.40","172,774","19,927","49,961","92,890",113.4,114.7,"5,907","5,817","1,250","39,503","9,659.40","8,928.00",7.6,104.1,102.6,104.8,107.7,"6,598.00",116.4,2.6,54.8,135.6,1.6,
1/9/2019,718.44,95.09,0,0.1,2.06,1.83,2.71,2.48,-0.74,0.02,-0.16,"38,363","144,341","249,939","5,059.00","174,482","19,972","50,365","94,091",108.3,113.8,"5,186","5,232","1,237","38,933","9,712.70","9,000.10",7.3,96.5,99.4,92.6,100.5,"6,107.00",108,2.6,57,131.4,1.7,
1/10/2019,721.03,95.3,0.8,0.3,1.94,1.96,2.94,2.65,-0.77,0.19,-0.07,"39,019","145,031","251,302","4,744.10","174,359","19,822","50,216","94,150",109.5,108.2,"5,153","5,531","1,261","39,770","9,686.00","8,994.40",7.1,101.4,100.1,102.2,103.5,"6,257.80",102.6,2.6,54,136.2,1.7,
1/11/2019,776.53,102.99,0.1,0,1.75,1.91,3.34,2.92,-0.2,0.73,0.4,"40,773","148,928","254,166","4,538.80","178,852","19,826","50,824","97,102",113.5,108.7,"5,217","5,299","1,366","38,786","9,722.00","9,045.40",7,103.9,101.1,107,102.9,"6,310.00",102.7,2.7,57.1,146.1,1.8,
1/12/2019,770.39,102.69,0.1,0.1,1.75,1.99,3.3,2.93,-0.46,0.55,0.13,"42,471","151,785","255,856","4,669.90","177,948","19,696","51,479","96,806",123,111.8,"6,427","5,367","1,474","40,657","9,777.80","9,087.10",7.1,110.9,113.4,108.9,108.5,"6,786.40",146.7,2.7,59.8,142.7,1.9,
1/1/2020,772.65,103.54,0.6,0.3,1.75,2.02,3.3,2.89,-0.61,0.35,-0.02,"42,021","150,866","255,852","4,572.10","178,146","19,480","51,704","96,665",110,113.5,"6,510","5,460","1,158","37,438","9,848.70","9,115.60",7.4,101.4,93,107.4,111.2,"6,798.20",110,2.7,57.5,143.3,1.8,
1/2/2020,796.38,105.09,0.4,0.4,1.75,2.14,3.49,3.02,-0.68,0.54,0.09,"41,995","151,382","257,848","4,122.60","178,390","19,470","52,005","96,438",106.3,113.9,"4,972","4,266",944,"36,154","9,831.20","9,063.40",7.8,97.5,91.5,101.7,105.2,"6,368.20",109.3,2.6,50.5,147.2,1.5,
1/3/2020,839.38,107.77,0.3,0.7,1.38,1.55,3.41,2.8,-0.83,0.5,0.11,"43,949","152,249","257,905","3,487.50","182,497","19,198","52,210","99,717",113.4,107.7,"5,717","4,394",928,"37,952","9,744.20","8,942.40",8.2,105.6,97.6,112.7,109.2,"6,764.50",101.6,2.3,29.9,287.3,0.9,
1/4/2020,853.38,107.08,0,0.4,0.5,0.58,3.05,2.33,-1.02,0.37,0,"47,514","154,625","259,006","3,977.60","183,131","18,933","52,744","100,107",98.5,99.4,"5,850","4,191","1,085","36,885","9,050.70","8,235.90",9,96,92.9,98,100.9,"6,181.50",75.3,2.3,16.5,306.1,0.7,
1/5/2020,821.81,102.6,-0.1,0,0.5,0.56,2.4,1.63,-1.19,-0.14,-0.52,"49,232","154,310","260,608","3,647.60","184,562","18,576","52,952","102,255",97.8,97.4,"5,868","3,780",997,"36,756","8,390.90","7,450.50",11.2,97.4,100.1,92.6,106.8,"6,406.20",83.9,2.4,28.6,254.5,0.7,
1/6/2020,793.72,101.18,-0.1,0,0.5,0.45,2.43,1.49,-1.09,-0.13,-0.53,"51,483","154,722","264,820","3,959.00","185,430","18,195","53,048","103,875",96.1,97.1,"6,127","3,925","1,020","36,390","8,136.70","7,142.60",12.2,94.7,97.3,89.6,106.3,"6,419.10",83.5,2.6,38.3,209.2,0.7,
1/7/2020,784.73,100.73,0.1,0.2,0.5,0.3,2.5,1.46,-1.1,-0.18,-0.48,"52,440","154,627","264,431","4,017.10","182,504","17,846","53,115","102,393",96.1,99.3,"6,238","4,726","1,152","36,851","8,138.60","7,073.20",13.1,97.9,98.9,94.9,106.3,"6,477.70",90.1,2.9,40.8,199.8,0.6,
1/8/2020,784.66,102.02,0.1,0.2,0.5,0.43,2.43,1.47,-1.59,-0.34,-0.8,"58,361","156,663","268,259","3,767.20","182,418","17,318","53,122","103,052",101.1,102.4,"5,779","4,515","1,126","37,783","8,257.20","7,191.40",12.9,99,100.1,96.4,105.5,"6,452.00",120.4,2.9,42.4,170,0.6,
1/9/2020,773.4,101.15,0.6,0.4,0.5,0.49,2.59,1.53,-1.85,-0.25,-0.91,"61,955","157,369","272,534","3,637.30","181,626","16,905","53,052","102,962",103.2,106.6,"5,970","4,626","1,115","37,822","8,402.60","7,365.10",12.3,98.3,98.6,97.7,100,"6,163.10",119.5,3,39.6,176.9,0.7,
1/10/2020,788.27,102.99,0.7,0.6,0.5,0.52,2.61,1.51,-1.92,-0.12,-0.84,"62,163","158,945","272,101","3,539.90","179,538","16,614","53,101","101,501",108.5,107.6,"6,455","4,829","1,119","38,260","8,671.60","7,667.70",11.6,105,102,108.5,102.3,"6,436.90",123.1,3,39.5,167.7,0.8,
1/11/2020,762.88,101.08,-0.1,0,0.5,0.51,2.63,1.51,-2.18,-0.21,-1.09,"61,239","157,870","273,009","4,032.90","179,960","16,639","53,821","101,416",114.6,109,"6,572","4,674","1,137","37,709","8,871.10","7,916.70",10.8,103.5,101.7,105.7,101.4,"6,358.10",128.7,3.2,41.1,155.9,0.9,
1/12/2020,734.73,99.04,0.3,0.2,0.5,0.54,2.75,1.58,-2.31,-0.12,-1.02,"65,370","159,285","266,754","4,177.20","176,990","16,428","54,062","99,508",122.9,111.7,"7,427","5,731","1,285","39,200","8,946.50","8,026.20",10.3,106.8,104,109.1,108.4,"6,873.30",160.9,3.5,47.1,146.6,0.9,
1/1/2021,723.56,98.08,0.7,0.6,0.5,0.51,2.64,1.52,-2.55,-0.35,-1.31,"68,760","161,005","266,808","4,288.70","177,053","16,160","54,125","99,563",106.8,112.6,"7,159","5,355","1,243","38,999","9,046.60","8,121.40",10.2,98.9,92.8,102.7,109.2,"6,768.80",116.5,3.6,52.1,140.7,1.1,
1/2/2021,722.63,98.38,0.2,0,0.5,0.47,2.72,1.57,-2.76,-0.42,-1.56,"67,821","159,056","267,435","4,573.40","177,526","15,994","54,606","99,522",104.3,114.2,"7,283","5,736","1,291","39,562","9,105.90","8,167.60",10.3,94.1,85.2,101.3,100.7,"6,170.40",113.3,3.8,59.1,131.7,1.2,
1/3/2021,726.37,98.11,0.4,0.5,0.5,0.55,3.18,1.78,-2.5,0.14,-1.14,"68,644","160,272","267,942","4,898.10","177,802","15,977","55,007","99,412",120.6,113,"7,773","6,884","1,523","40,220","9,089.30","8,148.20",10.4,108.7,99.6,117.2,111.1,"6,974.70",125.4,4.1,62.4,133,1.6,
1/4/2021,707.85,96.03,0.4,0.5,0.5,0.85,3.55,2.17,-2.12,0.57,-0.53,"68,815","161,398","271,944","4,472.80","177,652","15,872","55,291","98,989",113,112.1,"8,340","5,990","1,380","42,594","9,029.10","8,104.10",10.2,100.9,96.7,103.7,106.2,"6,523.10",107.8,4.2,61.7,125.7,1.6,
1/5/2021,712.26,98.05,0.3,0.2,0.5,1.16,3.71,2.57,-1.43,0.77,0.02,"77,008","164,609","277,200","4,356.40","177,958","15,601","55,647","98,947",116.5,115.5,"7,776","6,694","1,540","47,847","8,938.30","8,041.10",10,100.8,98.6,100.7,110.4,"6,877.50",144.4,4.6,65.2,131.6,1.6,
1/6/2021,726.54,100.51,0.1,-0.1,0.5,1.61,4.26,3,-1.22,1.22,0.3,"79,244","166,713","280,512","4,331.30","178,799","15,537","56,083","99,214",115.9,117.8,"7,614","6,403","1,366","44,954","8,884.90","8,041.20",9.5,100.6,96.3,102.8,108.9,"6,781.70",137.6,4.4,71.4,139,1.5,
1/7/2021,750.44,102.76,0.8,0.7,0.63,2.3,4.49,3.67,-0.61,1.52,0.74,"80,305","170,921","286,840","4,252.00","180,269","15,421","56,029","100,312",113.4,119.3,"7,930","7,346","1,492","48,767","8,948.30","8,148.90",8.9,102.6,96.9,105.2,115.6,"7,134.80",145.7,4.3,72.5,144.2,1.3,
1/8/2021,779.83,106.53,0.4,0.2,0.75,2.63,4.7,3.9,-1.2,1.57,0.64,"80,283","173,293","292,442","4,491.60","181,179","15,495","56,462","100,679",120.2,120.5,"7,939","7,857","1,623","52,023","9,030.70","8,258.80",8.5,103.6,97.2,107.6,114,"7,044.60",149.5,4.2,67.7,138.3,1.3,
1/9/2021,783.63,106.27,1.2,0.7,1.5,3.96,5.23,4.83,-0.56,2,1.32,"79,767","174,019","295,576","4,362.60","181,550","15,330","56,412","101,004",118.4,121.9,"7,672","7,323","1,488","53,309","9,111.10","8,345.20",8.4,97.8,91.4,102.3,105.7,"6,527.00",142.5,4.2,71.6,141.4,1.4,
1/10/2021,813.95,109.64,1.3,0.3,2.25,4.83,6.34,5.97,0.32,2.95,2.42,"79,993","177,517","300,295","4,092.20","181,447","15,249","56,434","100,772",124.7,123.1,"7,768","8,120","1,762","55,031","9,199.50","8,456.50",8.1,106.4,102.3,110.1,107.4,"6,797.80",151,4.4,81.3,156.4,1.6,
1/11/2021,812.62,109.26,0.5,0.7,2.75,5.42,5.83,5.59,-0.23,2.24,1.91,"78,678","177,630","302,896","4,432.70","182,808","15,357","57,075","101,352",130.9,123.6,"8,414","7,580","1,762","53,314","9,255.00","8,558.40",7.5,106.3,101.1,111.6,106.1,"6,715.00",149.4,4.4,79.2,153.7,1.6,
1/12/2021,849.12,113.4,0.8,0.7,3.46,5.66,5.69,5.59,,2.28,1.97,"79,859","178,655","303,704","4,308.40","183,299","15,329","57,263","101,573",135.3,123.1,"9,037","8,517","1,820","51,330","9,350.60","8,678.30",7.2,108.6,104.6,111.7,112.4,"7,122.20",185.5,4.3,71.5,155.3,1.5,
1/1/2022,822.05,109.89,1.2,1.2,4.21,,5.89,5.81,,2.29,2.11,"76,948","176,809","303,009","4,548.50","180,782","15,283","57,001","100,094",,,"8,368","7,569","1,524","50,783",,,,,,,,"7,055.20",,4.4,83.1,159.5,1.8,
1/2/2022,807.07,,,,5.5,,,,,,,,,,,,,,,,,,,,,,,,,,,,,,,,,,
